水光潋滟晴方好，山色空蒙雨亦奇	1
苦读有恒，好学无时	1
野烟有路知依寺，明月无心也进城	1
川口雨晴风复止，蜻蜓上下鱼东西	0
孤舟蓑笠翁，独钓寒江雪	0
朔气传金柝，寒光照铁衣	1
客情今古道，秋梦短长亭	1
云鬓花颜金步摇，芙蓉帐暖度春宵	0
碧玉妆成一树高，万条垂下绿丝绦	0
无可奈何花落去，似曾相识燕归来	1
海内存知己，天涯若比邻	1
千里冰封，万里雪飘	1
煮豆持作羹，漉菽以为汁	0
对酒当歌，人生几何	0
六军不发无奈何，宛转蛾眉马前死	0
一帘花影云拖地，半夜书声月在天	1
有花有月圆中乐事，无春无夏城外清游	1
功者难成而易败，时者难得而易失	1
乌菱白芡不论钱，乱系青菰裹绿盘	0
秋豫凝仙览，宸游转翠华	0
清其流者必竭其源，正其本者须端其末	1
潭中鱼可百许头，皆若空游无所依	0
西风吹散云头雨，斜阳却照天边树	0
悠悠卷旆旌，饮马出长城	0
瀚海百重波，阴山千里雪	1
最爱湖东行不足，绿杨阴里白沙堤	0
渭城朝雨浥轻尘，客舍青青柳色新	0
幼有所育、学有所教、病有所医、老有所养、住有所居、弱有所扶	0
水是眼波横，山是眉峰聚	1
蒹葭影里和烟卧，菡萏香中带雨披	1
天来头顶，路在口边	1
百川东到海，何时复西归	0
游鱼细石，直视无碍	0
凌波仙子生尘袜，水上轻盈步微月	0
言必信，行必果	1
不才明主弃，多病故人疏	1
挟飞仙以遨游，抱明月而长终	1
庄生晓梦迷蝴蝶，望帝春心托杜鹃	1
竹边台榭水边亭，不要人随只独行	0
花间一壶酒，独酌无相亲	0
水至清则无鱼，人至察则无徒	1
知味人当风月夕，多情心爱雨花天	1
与人期行，相委而去	0
有志始知蓬莱近，无为总觉咫尺远	1
胜不骄，败莫馁	1
我有嘉宾，鼓瑟吹笙	0
煮沸江海，融化冰山	1
各有千金裘，俱为五侯客	1
生，亦我所欲也；义，亦我所欲也	1
暧暧日暖闺，田家来致词	0
刀不磨会生锈，人不学要落后	1
急应河阳役，犹得备晨炊	0
银烛秋光冷画屏，轻罗小扇扑流萤	0
碧从天上得，红自日边来	1
浔阳地僻无音乐，终岁不闻丝竹声	0
草色烟光残照里，无言谁会凭阑意	0
风暖鸟声碎，日高花影重	1
今来一登望，如上九天游	0
错落金锁甲，蒙茸貂鼠衣	0
日照锦城头，朝光散花楼	0
单车欲问边，属国过居延	0
千金难买好风气，万金难成好文化	1
池上碧苔三四点，叶底黄鹂一两声	1
山寺月中寻桂子，郡亭枕上看潮头	1
万物皆春人独老，一年过社燕方回	0
结庐在人境，而无车马喧	0
但愿人长久，千里共婵娟	0
只欠翠纱红映肉，两年寒食负先生	0
惟留一简书，金泥泰山顶	0
天街小雨润如酥，草色遥看近却无	0
家田输税尽，拾此充饥肠	0
郁孤台下清江水，中间多少行人泪	0
造化钟神秀，阴阳割昏晓	0
文气曲如流水，天怀和若春风	1
善操理者不能有全功，善处身者不能无过失	1
淡妆浓抹调新色，顽绿痴红发古香	1
凤髻金泥带，龙纹玉掌梳	1
终身争一息，每事必三思	0
神龟虽寿，犹有竟时	0
风因得竹若殊遇，水不在山无泪流	0
南阳诸葛庐，西蜀子云亭	1
春寒赐浴华清池，温泉水滑洗凝脂	0
不随时俯仰，自得古风流	0
赖多山水趣，稍解别离情	0
霜蹄千里骏，风翻九霄鹏	1
礼是民之本，民是国之本	1
石间坐久春云起，花底吟成夕照收	1
接天莲叶无穷碧，映日荷花别样红	1
虽人有百手，手有百指，不能指其一端；人有百口，口有百舌，不能名其一处也	1
年与时驰，意与日去，遂成枯落，多不接世，悲守穷庐，将复何及	0
水面细风生，菱歌慢慢声	0
人生代代无穷已，江月年年只相似	1
扪参历井仰胁息，以手抚膺坐长叹	0
多情明月邀君共，无主荷花到处开	1
歌台暖响，春光融融；舞殿冷袖，风雨凄凄	1
黯乡魂，追旅思	0
吾家洗砚池头树，个个花开淡墨痕	0
梨园弟子白发新，椒房阿监青娥老	1
此之蜜糖，彼之砒霜	1
闲静少言，不慕荣利	0
乡村四月闲人少，才了蚕桑又插田	0
木叶纷纷归路，残月晓风何处	0
长江后浪推前浪，世上今人胜古人	1
观书到老眼如月，得句惊人胸有珠	0
留连戏蝶时时舞，自在娇莺恰恰啼	0
鬓虽残，心未死	1
清风徐来，水波不兴	0
风雨送春归，飞雪迎春到	1
可看庭前花开花落，可望天上云卷云舒	1
春眠不觉晓，处处闻啼鸟	0
此意投赠君，沧波风袅袅	0
乱石穿空，惊涛拍岸	1
床头屋漏无干处，雨脚如麻未断绝	0
日月之行，若出其中；星汉灿烂，若出其里	1
书到疑时须逆志，事当难处但平心	1
江水流长还绕似青罗带，海蟾轮满澄明如白玉盘	1
一时成败在于力，千古成败在于礼	1
万里因循成久客，一年容易又秋风	0
唤渠朝餐歇半霎，低头折腰只不答	0
烛光低映珠鞴丽，酒晕徐添玉颊红	0
但使龙城飞将在，不教胡马度阴山	0
都督阎公之雅望，棨戟遥临；宇文新州之懿范，襜帷暂驻	1
出行无阻碍，人人都礼让	0
金猴奋起千钧棒，玉宇澄清万里埃	1
迟日江山丽，春风花鸟香	1
杨花落尽子规啼，闻道龙标过五溪	0
客亭临小市，灯火夜妆明	0
国破山河在，城春草木深	1
梅雪争春未肯降，骚人搁笔费评章	0
人多力量大，柴多火焰高	1
国耳忘家，公耳忘私	1
不知马骨伤寒水，惟见龙城起暮云	1
腰间带两绶，转眄生光辉	0
悟得柳公书内法，生来江子梦中花	1
放开眼孔观书，抖起脊梁立行	1
以传统为先、以创新为命	1
寒素清白浊如泥，高第良将怯如鸡	0
满地绿阳飞燕子，一帘晴雪卷梅花	1
爆竹声中一岁除，春风送暖入屠苏	0
法律是治国之重器，良法是善治之前提	1
逆水行舟，不进则退	0
生态兴则文明兴，生态衰则文明衰	1
善鼓云和瑟，常闻帝子灵	0
老翁逾墙走，老妇出门看	1
世事如椇一著争来千古业，柔情似水几时流尽六朝春	1
非学无以广才，非志无以成学	1
用之不觉，失之难存	1
征蓬出汉塞，归雁入胡天	0
牛困人饥日已高，市南门外泥中歇	0
春风桃李花开日，秋雨梧桐叶落时	1
白日莫闲过，青春不再来	1
"衣食以厚民生,礼义以养其心"	1
学海无涯勤是岸，云程有路志是梯	1
古径无人到，深堂有月来	1
水不干，鱼不尽	1
排空驭气奔如电，升天入地求之遍	1
两岸石壁，五色交辉	0
醉翁之意不在酒，在乎山水之间也	0
马作的卢飞快，弓如霹雳弦惊	1
金风玉露一相逢，便胜却人间无数	0
慨当以慷，忧思难忘	0
言过其实，不可大用	0
不能手提天下往，何忍身去游其间	0
读破万卷诗愈美，行尽千山路转赊	1
冷眼向洋看世界，热风吹雨洒江天	1
独夫之心，日益骄固	0
曲罢曾教善才服，妆成每被秋娘妒	0
先谋后事者逸，先事后谋者失	1
钗留一股合一扇，钗擘黄金合分钿	0
纸上得来终觉浅，绝知此事要躬行	0
夹岸高山，皆生寒树，负势竞上，互相轩邈，争高直指，千百成峰	0
民生利益无小时，一枝一叶总关情	0
白日依山尽，黄河入海流	1
竹雨侵窗润，松风吹面寒	1
我从去年辞帝京，谪居卧病浔阳城	0
少壮不努力，老大徒伤悲	1
静而能映物，动而能变化	1
行的是光辉真理，为的是天下归心	1
此时相望不相闻，愿逐月华流照君	0
翠华摇摇行复止，西出都门百余里	0
忘怀得失，以此自终	0
过桥分野色，移石动云根	1
从邪陷厥父，吾欲讨彼狂	0
浮云游子意，落日故人情	1
我住长江头，君住长江尾	1
芳草有情皆碍马，好云无处不遮楼	1
弹琴看文君，春风吹鬓影	0
花开花败，草荣草枯	1
千呼万唤始出来，犹抱琵琶半遮面	0
不见清溪鱼，饮水得自宜	0
鱼鱼入世难为海，燕燕依人别有天	1
清明时节雨纷纷，路上行人欲断魂	0
安得车轮四角，不堪带减腰围	0
茶香飘溢，南麓秦岭	0
朝前看，往前走	1
﻿人生得意须尽欢，莫使金樽空对月	0
梅月横窗成画本，兰风度槛入情诗	1
南山尚相送，只高城人隔	0
兴，百姓苦；亡，百姓苦	0
烽火连三月，家书抵万金	1
月落乌啼霜满天，江枫渔火对愁眠	0
智者千虑，必有一失；愚者千虑，必有一得	1
我亦随人投数纸，世情嫌简不嫌虚	0
都人回面向北啼，日夜更望官军至	0
樽前一曲歌，歌里千重意	0
塞外悲风切，交河冰已结	0
我寄愁心与明月，随风直到夜郎西	0
罢灯船端阳不闹，收酒旗重九无聊	0
何时眼前突兀见此屋，吾庐独破受冻死亦足	0
望西都，意踌躇	0
俭为德之恭，侈为恶之大	1
相知在急难，独好亦何益	0
欲知千古事，须读五车书	1
烟笼寒水月笼沙，夜泊秦淮近酒家	0
无花无酒过清明，兴味萧然似野僧	0
黑发不知勤学早，白首方悔读书迟	1
人多出韩信，智多出孔明	1
乱花渐欲迷人眼，浅草才能没马蹄	0
马色虽不同，人心本无隔	0
古之圣人，其出人也远矣，犹且从师而问焉；今之众人，其下圣人也亦远矣，而耻学于师	0
千门万户曈曈日，总把新桃换旧符	0
疾病命固乱，魏氏言有章	0
青山横北郭，白水绕东城	1
内化于心，外化于行	1
古人学问无遗力，少壮工夫老始成	0
行万里者，不中道而辍足；图四海者，匪怀细以害大	1
动静相宜，虚实相生	1
放生鱼鳖逐人来，无主荷花到处开	0
天阶夜色凉如水，卧看牵牛织女星	0
万里长空开眼界，一川春水润心田	1
我心还不浅，怀古醉馀觞	0
忽忆尝新会灵观，滞留江海得加餐	0
创新兴则国家兴，创新强则国家强	1
客从长安来，驱马邯郸道	0
云润早含及物意，水清不易在山心	0
羌笛何须怨杨柳，春风不度玉门关	0
起舞弄清影，何似在人间	0
牡丹之爱，宜乎众矣	0
桃李虽未开，荑萼满芳枝	0
死去元知万事空，但悲不见九州同	0
矩不正，不以为方；规不正，不以为圆	1
浊者自浊，清者自清	1
同是天涯沦落人，相逢何必曾相识	0
绿遍山原白满川，子规声里雨如烟	0
山盟虽在，锦书难托	0
单丝不成丝，独木不成林	1
退缩是懦夫的表现，应战是勇者的胆魄	1
听妇前致词，三男邺城戍	0
凄凄不似向前声，满座重闻皆掩泣	0
业精于勤，而荒于戏，行成于思，而毁于随	1
湖光秋月两相和，潭面无风镜未磨	0
高论明秋水，新诗动洛川	1
吟成赏月之诗只愁月堕，斟满送春之酒惟憾春归	1
山气日夕佳，飞鸟相与还	0
晓雾将歇，猿鸟乱鸣；夕日欲颓，沉鳞竞跃	1
明枪易挡，暗箭难防	1
田家少闲月，五月人倍忙	0
桃灼灼，柳依依，雪茫茫，雨霏霏	1
献花游女木兰桡，细雨斜风湿翠翘	0
云销雨霁，彩彻区明	1
一年两度锦城游，前值东风后值秋	0
满面尘灰烟火色，两鬓苍苍十指黑	0
清风能感水能化，修竹有情兰有怀	1
北海虽赊，扶摇可接；东隅已逝，桑榆非晚	1
孙行者，祖冲之	1
窗外日光弹指过，席前花影坐间移	1
渡远荆门外，来从楚国游	0
名扬四海，声震八方	1
剑外忽传收蓟北，初闻涕泪满衣裳	0
吴酒一杯春竹叶，吴娃双舞醉芙蓉	1
二川溶溶，流入宫墙	0
羿昔落九乌，天人清且安	0
花草相掩映，云霞共吐吞	1
江晚正愁余，山深闻鹧鸪	0
浩荡离愁白日斜，吟鞭东指即天涯	0
等闲识得东风面，万紫千红总是春	0
呦呦鹿鸣，食野之苹	0
莫让忙碌遮慧眼，且把平和植心间	0
静可观人虚能修已，贤当述古智足察今	1
峨嵋山下少人行，旌旗无光日色薄	0
无为亲厚者所痛，而为见仇者所快	1
潦水尽而寒潭清，烟光凝而暮山紫	1
江南江北旧家乡，三十年来梦一场	0
怀帝阍而不见，奉宣室以何年	1
采菊东篱下，悠然见南山	0
重岩叠嶂，隐天蔽日	0
怅望千秋一洒泪，萧条异代不同时	0
狂澜欲倒同心挽，旭日方升旦气扬	1
毁誉乱真深可畏，直言不闻深可畏	0
功盖天下，誉满山河	1
夜来风雨声，花落知多少	0
勿临渴掘井，宜未雨绸缪	0
春宵苦短日高起，从此君王不早朝	0
从来只有情难尽，何事名为情尽桥	0
杨意不逢，抚凌云而自惜；钟期既遇，奏流水以何惭	1
自言本是京城女，家在虾蟆陵下住	0
关山难越，谁悲失路之人；萍水相逢，尽是他乡之客	1
一见过所闻，操持难与群	0
人闲桂花落，夜静春山空	1
无到极处须知有，极有更晓无常存	0
邯郸女儿夜沽酒，对客挑灯夸数钱	0
"且把人文植心胸,莫让科学先光彩"	1
衰草连天无意绪，雁声远向萧关去	0
春归华不落，风静月长明	0
无言者天此理显，有道之世其日长	1
无力东风花半露，有情春水燕双飞	1
忽闻水上琵琶声，主人忘归客不发	0
紫陌红尘拂面来，无人不道看花回	0
独坐幽篁里，弹琴复长啸	0
外塑于形，内化于心	1
去其糟粕，取其精华	1
长江人钓月，旷野火烧风	1
寄书长不达，况乃未休兵	0
龙笛吟寒水，天河落晓霜	0
心胸阔，天地宽	1
十旬休假，胜友如云；千里逢迎，高朋满座	1
千家树色浮山阁，一片冰心在玉壶	1
不闻机杼声，惟闻女叹息	0
清平者，政化之美也；枉滥者，乱败之恶也	1
欲论古来兴废事，须平自己是非心	1
金阙西厢叩玉扃，转教小玉报双成	0
白吟千里月，律至九重春	1
道德是心中的法律，法律是外化的道德	1
水活度有益，过多则成灾	0
家无家规将不家、国无国法将不国	1
有情芍药含春泪，无力蔷薇卧晓枝	1
坚冰已经打破，航道已经开通	1
竹喧归浣女，莲动下渔舟	1
蟾蜍蚀圆影，大明夜已残	0
凡所应有，无所不有	1
新陈代谢、有机更新	0
足蒸暑土气，背灼炎天光，力尽不知热，但惜夏日长	0
当年粉黛，何处笙箫	0
洛阳城里花如雪，陆浑山中今始发	0
公与之乘，战于长勺	0
如今直上银河去，同到牵牛织女家	0
黄四娘家花满蹊，千朵万朵压枝低	0
闾阎扑地，钟鸣鼎食之家；舸舰迷津，青雀黄龙之舳	1
芳草连天迷远望，宝香薰被成孤宿	0
时维九月，序属三秋	1
深院著书桐叶雨，曲栏联句藕花风	1
今夜闻君琵琶语，如听仙乐耳暂明	0
仰首接飞猱，俯身散马蹄	1
三十功名尘与土，八千里路云和月	1
人不率则不从，身不先则不信	1
夜阑卧听风吹雨，铁马冰河入梦来	0
落日胡尘未断，西风塞马空肥	0
落红不是无情物，化作春泥更护花	0
无限芳洲生杜若，吴儿不识楚辞招	0
万花敢向雪中出，一树独先天下春	0
黄叶青苔归路，屧粉衣香何处	0
复有贫妇人，抱子在其旁，右手秉遗穗，左臂悬敝筐	0
鸿门晏，桃园盟	1
移风易俗光荣，因循守旧可耻	1
开我东阁门，坐我西阁床，脱我战时袍，著我旧时裳	0
姊妹弟兄皆列土，可怜光彩生门户	0
有法可循，有计可施	1
汉皇重色思倾国，御宇多年求不得	0
福兮祸所伏，祸兮福所倚	1
荆溪白石出，天寒红叶稀	1
艰难苦恨繁霜鬓，潦倒新停浊酒杯	0
鸳鸯瓦冷霜华重，翡翠衾寒谁与共	0
明月如霜，好风似水	1
颠狂柳絮随风舞，轻薄桃花逐水流	1
浔阳江头夜送客，枫叶荻花秋瑟瑟	0
水国舟中市，山桥树杪行	0
攻城不怕坚，攻书莫畏难	1
日月两轮天地眼，诗书万卷圣贤心	1
山随平野尽，江入大荒流	1
苍松翠柏看颜色，秋水春山见性情	1
走的是人间正道，求的是康庄未来	1
长行何怕千里，恒学焉畏万册	1
几处早莺争暖树，谁家新燕啄春泥	1
日出江花红胜火，春来江水绿如蓝	1
谈笑有鸿儒，往来无白丁	1
山川之美，古来共谈	0
从流飘荡，任意东西	0
星分翼轸，地接衡庐	1
春华不如秋华好，今月常同古月明	1
昭阳殿里恩爱绝，蓬莱宫中日月长	1
天不言自高，地不语自厚	1
苦言药也，甘言疾也	1
少小离家老大回，乡音无改鬓毛衰	0
吃得苦中苦，方为人上人	1
立大志展宏图足下踏破万里浪，先天下后局部胸中常有一盘棋	1
亲贤臣，远小人	1
窗含西岭千秋雪，门泊东吴万里船	1
八月秋高风怒号，卷我屋上三重茅	0
玉树春归日，金宫乐事多	0
水枕能令山俯仰，风船解与月裴回	1
爱之则不觉其过，恶之则不觉其善	1
年年岁岁花相似，岁岁年年人不同	1
欲渡黄河冰塞川，将登太行雪满山	1
黑云翻墨未遮山，白雨跳珠乱入船	1
呼鹰下鸟路，戏马出龙沙	1
屋漏更遭连夜雨，船破又遇顶头风	1
刘郎鬓如此，况桃花颜色	0
一曲新词酒一杯，去年天气旧亭台	0
一分耕耘，一分收获	1
两个黄鹂鸣翠柳，一行白鹭上青天	1
文以化人，礼以立国	1
野旷天清无战声，四万义军同日死	0
遂令天下父母心，不重生男重生女	0
策勋十二转，赏赐百千强	1
豫章故郡，洪都新府	1
明月别枝惊鹊，清风半夜鸣蝉	1
爽籁发而清风生，纤歌凝而白云遏	1
东临碣石，以观沧海	0
海不辞水，故能成其深，山不辞土，故能成其高	1
临邛道士鸿都客，能以精诚致魂魄	0
请君理还策，敢告将农时	0
春风又绿江南岸，明月何时照我还	0
六王毕，四海一，蜀山兀，阿房出	1
诗是谈吐的训练，书是文笔的锤炼，礼是举止的修炼，乐是性情的冶炼	0
人生有乐地，流水无尽期	1
屈贾谊于长沙，非无圣主；窜梁鸿于海曲，岂乏明时	1
后庭朝未入，轻辇夜相过	0
故国三千里，深宫二十年	1
芙蓉如面柳如眉，对此如何不泪垂	0
穷睇眄于中天，极娱游于暇日	1
士必从微而至著，功必积小以至大	1
八百里分麾下炙，五十弦翻塞外声	1
朝辞白帝彩云间，千里江陵一日还	0
虚心使人进步，骄傲使人落后	1
夜来南风起，小麦覆陇黄	0
譬如朝露，去日苦多	0
蛾儿雪柳黄金缕，笑语盈盈暗香去	0
冯夷空自舞，楚客不堪听	0
遥知兄弟登高处，遍插茱萸少一人	0
梦里花仙觅奇句，山中木客解吟诗	1
让“小毛病”得以改正，让”大光芒”得到绽放	1
天地之间，人寿几何	0
春风动百草，兰蕙生我篱	0
主人何为言少钱，径须沽取对君酌	0
秋风萧瑟，洪波涌起	1
儿童散学归来早，忙趁东风放纸鸢	0
能行之者未必能言，能言之者未必能行	1
落絮无声春堕泪，行云有影月含羞	1
知识在于积累，才能在于忍耐	1
赋予科技感情，点亮智能时代	1
君问归期未有期，巴山夜雨涨秋池	0
江暗雨欲来，浪白风初起	1
举杯邀明月，对影成三人	1
驿外断桥边，寂寞开无主	0
无本之木，无源之水	1
白兔捣药成，问言与谁餐	0
行生于己，名生于人	1
忽闻海上有仙山，山在虚无缥渺间	0
草长莺飞二月天，拂堤杨柳醉春烟	0
渌酒尊前清泪，阳关叠里离声	0
勤能补拙，俭可助廉	1
散入珠帘湿罗幕，狐裘不暖锦衾薄	0
昨日邻家乞新火，晓窗分与读书灯	0
长大知才须有用，平常莫等指无名	1
寄语天涯客，轻寒底用愁	0
狂脱酒家春醉后，乱堆渔舍晚晴时	0
廉约小心，克己奉公	0
小而专、小而精	0
笑出花间语，娇来竹下歌	1
泽以长流乃称远，由因直上而成高	0
疑人勿使，使人勿疑	1
文化兴，国运兴，文化强，民族强	1
深林人不知，明月来相照	0
孟冬十郡良家子，血作陈陶泽中水	0
直饶紫绶金章贵，未肯轻轻博换伊	0
与人共其乐者，人必忧其忧；与人同其安者，人必拯其危	1
富贵者送人以财，仁人者送人以言	1
粉骨碎身全不怕，要留清白在人间	0
客路青山外，行舟绿水前	1
芝夫荛子，歌舞威名	0
遥襟甫畅，逸兴遄飞	1
十里荷红，三秋桂香	1
醉卧沙场君莫笑，古来征战几人回	0
轻解罗裳，独上兰舟	0
得道者多助，失道者寡助	1
出淤泥而不染，濯清涟而不妖	1
长风破浪会有时，直挂云帆济沧海	0
用快提升质量，用慢发展智慧	1
移船相近邀相见，添酒回灯重开宴	0
帘外淡烟无墨画，林间疏雨有声诗	1
旦别河桥杨柳风，夕卧伊川桃李月	1
百花吐艳，万木争荣	1
云卷千峰色，梅供一枕香	1
春能蕴藉如相识，风入襟怀只自知	1
时危见臣节，世乱识忠良	1
自古逢秋悲寂寥，我言秋日胜春朝	0
耕则问田奴，绢则问织婢	1
晴江一女浣，朝日众鸡鸣	1
东船西舫悄无言，唯见江心秋月白	0
蝉则千转不穷，猿则百叫无绝	1
尽日相亲惟有石，长年可桨莫如书	1
汉道昔云季，群雄方战争	0
盛德无我位，清光独映君	0
国之兴也，视民如赤子；国之亡也，视民为草芥	1
可以锤炼文笔、可以冶炼性情，可以修炼举止，可以训练谈吐	0
金玉其外，败絮其中	1
惟止乃能动，因昧而为明	1
一手独拍，虽疾无声	0
嘈嘈切切错杂弹，大珠小珠落玉盘	0
习见善则安于为善，习见恶则安于为恶	1
借问酒家何处有，牧童遥指杏花村	0
有不见者，三十六年	0
臣子恨，何时灭	0
远上寒山石径斜，白云深处有人家	0
花开山寺，咏留诗人	0
浆向蓝桥易乞，药成碧海难奔	1
山清水秀，鸟语花香	1
九曲黄河万里沙，浪淘风簸自天涯	0
明镜所以照形，古事所以知今	1
市政建设惠苍生，先贤千年把路引;无到极处须知有，极有更晓无常存	0
黄金台愧少知己，碧玉调将空好音	0
可怜楼上月徘徊，应照离人妆镜台	0
山不厌高，海不厌深	1
一番过雨来幽径，无数新禽有喜声	0
七月七日长生殿，夜半无人私语时	0
当窗理云鬓，对镜帖花黄	1
杏花初落疏疏雨，杨柳轻摇淡淡风	1
月下飞天镜，云生结海楼	1
一波未平，一波又起	0
泉眼无声惜细流，树阴照水爱晴柔	0
野火烧不尽，春风吹又生	1
满招损，谦受益	1
大翼垂天四万里，长松拔地三千年	1
学海无涯勤可渡，书山万仞志能攀	1
以礼修身，以德服人	1
读有字书，识没字理	1
五陵年少争缠头，一曲红绡不知数	0
翠屏金屈曲，醉入花丛宿	0
黑姓蕃王貂鼠裘，葡萄宫锦醉缠头	0
昔人已乘黄鹤去，此地空余黄鹤楼	0
田夫抛秧田妇接，小儿拔秧大儿插	1
浊酒一杯家万里，燕然未勒归无计	0
"源远才能流长,根深才能叶茂"	1
妃嫔媵嫱，王子皇孙，辞楼下殿，辇来于秦，朝歌夜弦，为秦宫人	0
客喜而笑，洗盏更酌	0
野径云俱黑，江船火独明	1
侍儿扶起娇无力，始是新承恩泽时	0
成立之难如升天，覆坠之易如燎毛	1
天机所到都成趣，人力非关别有神	1
为报习家多置酒，夜来风雪过江寒	0
鱼水三顾合，风云四海生	1
玄都观里桃千树，尽是刘郎去后栽	0
头上无幅巾，苦蘗已染衣	0
可怜身上衣正单，心忧炭贱愿天寒	0
天门中断楚江开，碧水东流至此回	0
登高极目，览水送归	0
有弟皆分散，无家问死生	0
春情寄岸柳，香气凝寒海	0
树木丛生，百草丰茂	1
阡陌交通，鸡犬相闻	1
长卿怀茂陵，绿草垂石井	0
金窗夹绣户，珠箔悬银钩	1
至今思项羽，不肯过江东	0
骑马倚斜桥，满楼红袖招	0
王师北定中原日，家祭无忘告乃翁	0
此情可待成追忆，只是当时已惘然	0
河东郭有道，于世若浮云	0
何人先见许，但有崔州平	0
水何澹澹，山岛竦峙	0
瓜熟蒂落，水到渠成	1
室中更无人，惟有乳下孙	0
即景生情粉蝶翻春花弄影，涉园成趣红桃映日草铺茵	1
一支没有目标的箭是射不到猎物的，一只没有目标的鱼是游不到大海的	1
他日趋庭，叨陪鲤对；今兹捧袂，喜托龙门	1
无源之水、无本之木	0
手把文书口称敕，回车叱牛牵向北	0
相见时难别亦难，东风无力百花残	0
青山依旧在，几度夕阳红	0
外塑于行，内塑于心	1
巴山楚水凄凉地，二十三年弃置身	0
清风佐鸣琴，寂寞道为贵	0
法不徒立，须人而行；人不滥用，惟贤是择	1
知之者不易，行之者犹难	1
雾失楼台，月迷津渡	1
在善用，不在众	0
毕竟西湖六月中，风光不与四时同	0
间关莺语花底滑，幽咽泉流冰下难	1
长吟玉海诗兴动江山皆入句，大开春酒会醉余天地总为家	1
泉水激石，泠泠作响；好鸟相鸣，嘤嘤成韵	1
落霞与孤鹜齐飞，秋水共长天一色	1
水流云在，雨到风来	1
十里水光心地朗，一林花色性天空	0
芳草有情，夕阳无语	1
风日晴和人意好，夕阳箫鼓几船归	0
缅怀过去，是反思，总结不足；思考未来，是规划，把握方向	1
荡胸生曾云，决眦入归鸟	0
风急天高猿啸哀，渚清沙白鸟飞回	1
山将别恨和心断，水带离声入梦流	1
疾风知劲草，严霜识贞木	1
百姓兴则国兴，百姓强则国强	1
石可破而不可夺坚，丹可磨而不可夺赤	1
沧海月明珠有泪，蓝田日暖玉生烟	1
睹一丽人，于岩之畔	0
不堪盈手赠，还寝梦佳期	0
俄顷风定云墨色，秋天漠漠向昏黑	0
百里不同风，千里不同俗	1
庾公爱秋月，乘兴坐胡床	0
但教心似金钿坚，天上人间会相见	0
朝避猛虎，夕避长蛇；磨牙吮血，杀人如麻	0
日既西倾，车殆马烦	0
回眸一笑百媚生，六宫粉黛无颜色	0
树色荡湖波，波光艳绮罗	0
沉舟侧畔千帆过，病树前头万木春	1
桃花飞绿水，野竹上青霄	1
亲贤臣，远小人，此先汉所以兴隆也；亲小人，远贤臣，此后汉所以倾颓也	1
与天地并寿，同日月齐光	1
小院回廊春寂寂，浴凫飞鹭晚悠悠	1
但当涉猎，见往事耳	0
古今多少事，都付笑谈中	0
青青子衿，悠悠我心	1
万象更新水水山山入画诗，一元复始家家户户庆新年	1
临别殷勤重寄词，词中有誓两心知	0
不充诎于富贵，不遑遑于所欲	1
没有人文的科技是残缺的科技，没有科技的人文是残缺的人文	1
疏影横斜水清浅，暗香浮动月黄昏	1
花钿委地无人收，翠翘金雀玉搔头	0
纵一苇之所如，凌万顷之茫然	0
朝饮木兰之堕露，夕餐秋菊之落英	1
近水楼台先得月，向阳花木易为春	1
有水则城兴，无水则城亡	1
我来寻梓慎，观化入寥天	0
秦时明月汉时关，万里长征人未还	0
靠山吃山，山也会倒；靠水吃水，水也会干	1
星次海底当窗见，雨过河源隔座看	1
人得交游是风月，天开图画即江山	1
精诚所加，金石所开	1
客有住桂阳，亦如巢林鸟	0
直如朱丝绳，清似玉壶冰	1
地势极而南溟深，天柱高而北辰远	1
无丝竹之乱耳，无案牍之劳形	1
与君离别意，同是宦游人	0
才始送春归，又送君归去	0
临行密密缝，意恐迟迟归	1
此地一为别，孤蓬万里征	0
谁家玉笛暗飞声，散入春风满洛城	0
遥望洞庭山水翠，白银盘里一青螺	0
一男附书至，二男新战死	1
商人重利轻别离，前月浮梁买茶去	0
塞下秋来风景异，衡阳雁去无留意	0
腾蛟起凤，孟学士之词宗；紫电清霜，王将军之武库	1
云鬓半偏新睡觉，花冠不整下堂来	0
主人下马客在船，举酒欲饮无管弦	0
科技是强盛之基，创新是民族之魂	1
冯唐易老，李广难封	1
经师易求，人师难得	1
无由接高论，空此仰清芬	0
多一份理解，少一份抱怨；多一份等待，少一份争抢；多一份礼让，少一份路怒	0
迟迟钟鼓初长夜，耿耿星河欲曙天	1
皓月无幽意，清风有泪情	1
花香风气暖，云淡日光新	1
大力可能通纸背，尖毫仍觉吐花香	0
最是一年春好处，绝胜烟柳满皇都	0
改掉坏秉性-恨怨心怒烦，发掘善天性—仁义礼智信	1
昨夜闲潭梦落花，可怜春半不还家	0
酩酊醉时日正午，一曲狂歌垆上眠	0
岸花飞送客，樯燕语留人	1
山川卉木花不息，风云月露天何言	1
表面风光、内里腐朽	1
池上无风有落晖，杨花晴后自飞飞	0
苛政猛于虎也，良政如清泉也	0
淫慢则不能励精，险躁则不能治性	1
君臣相顾尽沾衣，东望都门信马归	0
骊宫高处入青云，仙乐风飘处处闻	0
离离原上草，一岁一枯荣	0
风回云断雨初晴，返照湖边暖复明	0
波漾流溪冬月影，风回碣石夏潮声	1
千尺水帘今古无人能手卷，一轮月镜乾坤何匠用功磨	1
白云一片去悠悠，青枫浦上不胜愁	0
阳春布德泽，万物生光辉	0
春蚕到死丝方尽，蜡炬成灰泪始干	1
历经一番寒彻骨，赢得梅花扑鼻香	0
余亦草间人，颇怀拯物情	0
东风不与周郎便，铜雀春深锁二乔	0
归来见天子，天子坐明堂	0
落花有泪因风雨，啼鸟无情自古今	1
院小有竹春常在，山间无人水自流	1
审而后发，犹未为晚	0
为君意气重，无功终不归	0
天旋地转回龙驭，到此踌躇不能去	0
醒时同交欢，醉后各分散	1
居高位者易骄，处佚乐者易侈	1
勤奋出天才，实践出真知	1
学识靠积累，聪明寓勤奋	1
历史车轮滚滚向前，时代潮流浩浩荡荡	0
唧唧复唧唧，木兰当户织	0
丝飘弱柳平桥晚，雪点香梅小院春	1
还家且行猎，弓矢速如飞	0
仍怜故乡水，万里送行舟	0
儿童相见不相识，笑问客从何处来	0
忽如一夜春风来，千树万树梨花开	0
久旱逢甘雨，他乡遇故知	1
我闻琵琶已叹息，又闻此语重唧唧	0
吏呼一何怒，妇啼一何苦	1
群鸦恋晚树，孤雁入寥天	1
少年强，则国强	0
山抹绿，燕剪柳	1
"源远才能流长,根深才能叶茂"	1
俯则未察，仰以殊观	1
百花含蕾，千枝泛翠	1
又送王孙去，萋萋满别情	0
上穷碧落下黄泉，两处茫茫皆不见	0
恩赏明则贤者进，刑罚当则奸人消	1
风烟俱净，天山共色	0
群贤毕至，少长咸集	1
关西老将能苦战，七十行兵仍未休	0
手种堂前桃李，无限绿阴青子	0
山以险峻成其巍峨，海以奔涌成其壮阔	1
溪柴火软蛮毡暖，我与狸奴不出门	0
从来好事天生俭，自古瓜儿苦后甜	0
草露不辞芒屦湿，松风偏与葛衣轻	1
月出惊山鸟，时鸣春涧中	0
转轴拨弦三两声，未成曲调先有情	0
亭亭玉树览风立，冉冉香莲带露开	1
古木朔气多，松风如五弦	0
独怜幽草涧边生，上有黄鹂深树鸣	0
明日客程还几许，沾衣况是新寒雨	0
江水流春去欲尽，江潭落月复西斜	0
家君作宰，路出名区；童子何知，躬逢胜饯	1
感时花溅泪，恨别鸟惊心	1
私心重，骨头软	1
但见悲鸟号古木，雄飞雌从绕林间	0
放怀于天地外，得气在山水间	1
北风卷地白草折，胡天八月即飞雪	0
横柯上蔽，在昼犹昏；疏条交映，有时见日	0
冰泉冷涩弦凝绝，凝绝不通声暂歇	0
人以礼立，国以礼兴	1
功在当代，利在千秋	1
富贵一时，名节千古	1
山和山不相遇，人与人总相逢	1
几番磨琢方成器，十载耕耘自见功	1
最是楚宫俱泯灭，舟人指点到今疑	0
道高益安，势高益危	1
十三学得琵琶成，名属教坊第一部	0
草枯鹰眼疾，雪尽马蹄轻	1
清游向天目，幽抱托风怀	0
征鸿何处起，点点残霞里	0
洛阳亲友如相问，一片冰心在玉壶	0
观水有情不言自喻，游山寄兴未尽所怀	1
曲终人不见，江上数峰青	0
酒逢知己千杯少，话不投机半句多	1
春江潮水连海平，海上明月共潮生	0
归路迎凉更堪爱，摩诃池上月方中	0
敢竭鄙怀，恭疏短引；一言均赋，四韵俱成	0
“加急时代”不是我们的追求，“闲庭信步”才是我们的向往	1
拳不离手，歌不离口	1
纷纷黄叶坠，对对塞鸿飞	1
无限事，萦心曲	0
黄埃散漫风萧索，云栈萦纡登剑阁	0
天明登前途，独与老翁别	0
蜀江水碧蜀山青，圣主朝朝暮暮情	0
以其昏昏，使人昭昭	1
烟迷远水，雾锁深山	1
江山如有待，花柳自无私	1
听其相顾言，闻者为悲伤	0
千峰凝翠，万峦吐霞	1
毋令管与鲍，千载独知名	0
所守或匪亲，化为狼与豺	0
江天一色无纤尘，皎皎空中孤月轮	0
暮投石壕村，有吏夜捉人	0
迷而知返，失道不远；过而能改，谓之不过	0
无路请缨，等终军之弱冠；有怀投笔，慕宗悫之长风	1
西塞山前白鹭飞，桃花流水鳜鱼肥	0
李白乘舟将欲行，忽闻岸上踏歌声	0
灭烛怜光满，披衣觉露滋	0
坐对真成被花恼，出门一笑大江横	0
尚俭者开富之源，好奢者起贫之兆	1
草堂春睡足，窗外日迟迟	0
山月空霁时，江明高楼晓	0
重会面，犹未卜	0
驿寄梅花，鱼传尺素	1
新声何处唱，肠断李延年	0
春天诗思行花径，月夜书声坐竹楼	1
惶恐滩头说惶恐，零丁洋里叹零丁	1
金樽清酒斗十千，玉盘珍羞直万钱	0
玉容寂寞泪阑干，梨花一枝春带雨	0
霸图各未立，割据资豪英	0
日晚爱行深竹里，月明多上小桥头	1
妇姑荷箪食，童稚携壶浆，相随饷田去，丁壮在南冈	0
寄蜉蝣于天地，渺沧海之一粟	1
晴空一鹤排云上，便引诗情到碧霄	0
白日放歌须纵酒，青春作伴好还乡	1
峨眉山月半轮秋，影入平羌江水流	0
成事不足，败事有余	1
五历鱼丽阵，三入九重围	1
野老不知尧舜力，酣歌一曲太平人	0
士别三日，刮目相看	0
不知乘月几人归，落月摇情满江树	0
以铜为镜，可以正衣冠；以水为师，可以习品性	1
红雨随心翻作浪，青山着意化为桥	1
我隐屠钓下，尔当玉石分	0
软绿柔蓝著胜衣，倚船吟钓正相宜	0
自经丧乱少睡眠，长夜沾湿何由彻	0
本是同根生，相煎何太急	0
日月经天，江河行地	1
教化之行，兴于学校	0
萧关逢候骑，都护在燕然	0
纵怀花事当春去，畅足清游载月归	1
数重山翠疑见胆，一派水清欲留人	1
心忧柴米油盐，不忘仰望星空	0
耻将鸡并食，长与凤为群	0
玉露磨来浓雾起，银笺染处淡云生	1
盈缩之期，不但在天；养怡之福，可得永年	0
人作殊方语，莺为故国声	1
登高而尽四野所有，著书以成一家之言	1
不患位之不尊，而患德之不崇；不耻禄之不多，而忧智之不博	1
行宫见月伤心色，夜雨闻铃肠断声	0
须臾懈怠，可能错失良机；半点停顿，或将前功尽弃	1
暮雨向三峡，春江绕双流	1
明者远见于未萌，智者避危于无形	1
悠悠生死别经年，魂魄不曾来入梦	0
夜久语声绝，如闻泣幽咽	0
水能性淡为吾友，竹解心虚是我师	1
乘风破浪已千重，兴业尤需百尺竿	0
春亦多情鸟向枝头催逸兴，人其得意梅从窗外放诗怀	1
夕殿萤飞思悄然，孤灯挑尽未成眠	0
行文若师心自得，守道如国书为城	1
幸甚至哉，歌以咏志	0
惜花春起早，爱月夜眠迟	1
因人成事，其功不难	0
郁郁涧底松，离离山上苗	1
积善三年，知之者少；为恶一日，闻于天下	1
顾谓今日战，何如随建威	0
蝉噪林愈静，鸟鸣山更幽	1
"不以事艰而不为,不以任重而畏缩"	1
铦锋梳尽山中兔，蘸墨惊飞海上鱼	1
清霜浸碧波，白露下黄叶	1
此中有真意，欲辨已忘言	0
门前冷落鞍马稀，老大嫁作商人妇	0
过五关，斩六将	1
人有千面，树有千层	1
迢遥不畏千程路，辛苦惟存一片心	1
努力收获幸运，思考铸就成功	1
江流宛转绕芳甸，月照花林皆似霰	0
孤山寺北贾亭西，水面初平云脚低	0
醉里挑灯看剑，梦回吹角连营	1
潮平两岸阔，风正一帆悬	1
远芳侵古道，晴翠接荒城	1
高峰霞漫寒潭里，绝壁光生晚照红	0
弄笔偎人久，描花试手初	0
当其南阳时，陇亩躬自耕	0
患难时要坚毅，顺利时应谨慎	1
迷而知返，得道不远	0
衣袂飘飘，裙裾款款	1
庭前昨夜梧桐雨，劲气萧萧入短襟	0
雪打青松松更翠，风扑烈火火更明	1
博之以文，约之以礼	1
梅生亦何事，来作南昌尉	0
道狭草木长，夕露沾我衣	0
树不扶不直，墙不扶不立	1
青林翠竹，四时俱备	0
半匹红绡一丈绫，系向牛头充炭直	0
莫学杨柳半年绿，要学松柏四季青	1
际晓投巴峡，馀春忆帝京	0
不以物喜，不以己悲	1
文王拘而演周易，仲尼厄而作春秋	1
遵守了就是保护，触碰了就是限制	1
论古不外才识学，博物能通天地人	1
卷地风来忽吹散，望湖楼下水如天	0
契阔谈讌，心念旧恩	0
溪云初起日沉阁，山雨欲来风满楼	1
我歌月徘徊，我舞影零乱	1
兄弟四人三百口，不堪闲坐细思量	0
好书不厌百回读，佳客时来一座倾	1
闻道汉家天子使，九华帐里梦魂惊	0
连峰去天不盈尺，枯松倒挂倚绝壁	0
台隍枕夷夏之交，宾主尽东南之美	1
江上晚来堪画处，钓鱼人一蓑归去	0
风雨齐猛，水火无情	1
只有众人拾柴才能火焰高，只有众人划桨才能开大船	0
不要人夸好颜色，只流清气满乾坤	0
国之本在家，家之本在民	1
日照棉球晶闪闪，风吹稻穗浪悠悠	1
明月松间照，清泉石上流	1
如今不似时平日，犹自笙歌彻晓闻	0
鱼恋水水阔凭鱼跃，鸟爱天天高任鸟飞	1
自是指物作诗立就，其文理皆有可观者	0
风卷江湖雨暗村，四山声作海涛翻	0
有孙母未去，出入无完裙	0
单丝不成线，独木不成林	1
江山故宅空文藻，云雨荒台岂梦思	1
天时不如地利，地利不如人和	1
慈母手中线，游子身上衣	1
千锤万凿出深山，烈火焚烧若等闲	0
桃花潭水深千尺，不及汪伦送我情	0
渔阳鼙鼓动地来，惊破霓裳羽衣曲	0
花残无戏蝶，藻密有潜鱼	1
欣欣春还皋，淡淡水生陂	1
遥知不是雪，为有暗香来	0
宫中府中，俱为一体；陟罚臧否，不宜异同	0
回头下望人寰处，不见长安见尘雾	0
青山遮不住，毕竟东流去	0
使我开怀唯夜月，令人深省是晨钟	1
晨兴理荒秽，带月荷锄归	0
得人者兴，失人者崩	1
新年都未有芳华，二月初惊见草芽	0
明月隐高树，长河没晓天	1
"有水则城兴,无水则城亡"	1
时不可再，机不可失	1
将军角弓不得控，都护铁衣冷难着	1
更深月色半人家，北斗阑干南斗斜	0
缕缕轻烟芳草渡，丝丝微雨杏花村	1
多歧路，今安在	0
老骥伏枥，志在千里	0
存者且偷生，死者长已矣	0
小荷才露尖尖角，早有蜻蜓立上头	0
车品即人品，车德即道德	1
山月不知心里事，水风空落眼前花	1
两岸青山相对出，孤帆一片日边来	0
山河破碎风飘絮，身世浮沉雨打萍	0
吏禄三百石，岁晏有余粮，念此私自愧，尽日不能忘	0
伊川桃李正芳新，寒食山中酒复春	0
谁言寸草心，报得三春晖	0
但为君故，沉吟至今	0
日夕著书罢，惊霜落素丝	0
疾风知劲草，岁寒识松柏	0
鸟听娇欲语，花看半开时	1
天上星多月不明，地下坑多路不平	1
忧劳可以兴国，逸豫可以亡身	1
专己者孤，拒谏者塞	1
日中不至，则是无信；对子骂父，则是无礼	0
将军百战死，壮士十年归	1
风定始知蝉在树，灯残方见月临窗	1
日出江花红胜火，春来江水绿如蓝	1
斜月沉沉藏海雾，碣石潇湘无限路	0
胜地不常，盛筵难再；兰亭已矣，梓泽丘墟	1
马嵬坡下泥土中，不见玉颜空死处	0
人生若只如初见，何事秋风悲画扇	0
一代典章垂涣汗，万年法守仰都俞	1
人固已惧江海竭，天岂不惜河汉干	1
莫放春秋佳日去，最难风雨故人来	1
夜市千灯照碧云，高楼红袖客纷纷	0
文化兴国运兴，文化强国家强	1
轮台东门送君去，去时雪满天山路	0
屈原放逐，乃赋离骚；左丘失明，厥有国语；孙子膑脚，兵法修列	0
噪晚齐蝉岁岁秋来泣恨，啼宵蜀鸟年年春去伤魂	1
生态兴则文明兴，生态衰则文明衰	1
愁到浓时酒自斟，挑灯看剑泪痕深	0
棋逢敌手，将遇良才	1
山石不流动，天日自高明	0
常恐秋节至，焜黄华叶衰	0
等闲变却故人心，却道故人心易变	0
沉吟放拨插弦中，整顿衣裳起敛容	0
嫦娥应悔偷灵药，碧海青天夜夜心	0
镜中聊自笑，讵是南山期	0
却看妻子愁何在，漫卷诗书喜欲狂	0
愚公未惜移山力，壮士须怀断腕观	0
听曲能生万感，作文不放一丝	1
闲居少邻并，草径入荒园	0
君马黄，我马白	0
床前明月光，疑是地上霜	0
现在青春是用来奋斗的，将来青春是用来回忆的	1
暂伴月将影，行乐须及春	0
不求见面惟通谒，名纸朝来满敝庐	0
潭清疑水浅，荷动知鱼散	1
富得充实、穷得快乐	1
自有高明将学讲，且教童子抱诗来	1
最喜小儿亡赖，溪头卧剥莲蓬	0
天生丽质难自弃，一朝选在君王侧	0
花开红树乱莺啼，草长平湖白鹭飞	1
千里长堤溃于蚁穴，万丈高台始于一石	1
室有惠崇山水，人怀与可风流	1
自此改名为折柳，任他离恨一条条	0
天高地迥，觉宇宙之无穷；兴尽悲来，识盈虚之有数	1
鸢飞戾天者，望峰息心；经纶世务者，窥谷忘反	1
惟将旧物表深情，钿合金钗寄将去	0
睢园绿竹，气凌彭泽之樽；邺水朱华，光照临川之笔	1
知不足者好学，耻下问者自满	1
晴川历历汉阳树，芳草萋萋鹦鹉洲	1
工作再忙心不乱，生活再苦心不累	1
年少辞家从冠军，金鞍宝剑去邀勋	0
良将不怯死以苟免，烈士不毁节以求生	1
淡泊以明志，宁静而致远	1
梅须逊雪三分白，雪却输梅一段香	1
三万里残阳山河无疆，五千年汉唐高风激扬	1
襄阳好向岘亭看，人物萧条值岁阑	0
得道多助，失道寡助	1
昨夜见军帖，可汗大点兵，军书十二卷，卷卷有爷名	0
书到用时方恨少，事非经过不知难	1
碧血丹心照青史，壮歌浩气贯长虹	1
天长地久有时尽，此恨绵绵无绝期	0
辛苦遭逢起一经，干戈寥落四周星	0
两岸猿声啼不住，轻舟已过万重山	0
西宫南内多秋草，落叶满阶红不扫	0
衣带渐宽终不悔，为伊消得人憔悴	0
随意春芳歇，王孙自可留	0
法律是治国之器，良法是善治之道	1
岑夫子，丹丘生，将进酒，杯莫停	0
京口瓜洲一水间，钟山只隔数重山	0
君王掩面救不得，回看血泪相和流	0
白头搔更短，浑欲不胜簪	0
霸基弊不振，晋楚更张皇	0
缓歌慢舞凝丝竹，尽日君王看不足	0
唇焦口燥呼不得，归来倚杖自叹息	0
关山难越谁悲失路之人，萍水相逢尽是他乡之客	1
好雨知时节，当春乃发生	0
学不精勤，不如不学	0
寿比南山，福如东海	1
不为私情萦梦寐，只将贞志凌冰雪	0
时运不齐，命途多舛	1
髣髴兮若轻云之蔽月，飘飖兮若流风之回雪	1
洛阳城里见秋风，欲作家书意万重	0
在天愿作比翼鸟，在地愿为连理枝	1
苍梧来怨慕，白芷动芳馨	0
取草绝根，在于未蔓；扑火止燎，贵乎速灭	0
茸铺草色春江曲，雪剪花梢玉砌前	1
阿爷无大儿，木兰无长兄，愿为市鞍马，从此替爷征	0
十月怀胎，一朝分娩	1
姑苏城外寒山寺，夜半钟声到客船	0
一丝春风要把一株新曲吹绿，一滴春雨要将一朵蓓蕾染红	1
不知细叶谁裁出，二月春风似剪刀	0
一声何满子，双泪落君前	0
相与枕藉乎舟中，不知东方之既白	0
举秀才，不知书	0
骋此长风快浪，欣然临水观山	0
黄鹤一去不复返，白云千载空悠悠	1
即从巴峡穿巫峡，便下襄阳向洛阳	1
不识庐山真面目，只缘身在此山中	0
无边落木萧萧下，不尽长江滚滚来	1
背慧是知识凝结的宝石，文化是智慧放出的异彩	1
滟滟随波千万里，何处春江无月明	0
年轻人兴则国兴，年轻人富则国富	1
杨家有女初长成，养在深闺人未识	0
戎马不如归马逸，千家今有百家存	1
随风潜入夜，润物细无声	0
恃德者昌，恃力者亡	1
生乎吾前，其闻道也固先乎吾，吾从而师之；生乎吾后，其闻道也亦先乎吾，吾从而师之	1
白露横江，水光接天	0
不道江南春不好，年年衰病减心情	0
"分久从合,合久必分"	1
山重水复疑无路，柳暗花明又一村	0
世事静观知曲折，人心甘苦见交情	1
思考乃攀登书山之路，毅力是游渡学海之舟	1
赤伏起颓运，卧龙得孔明	0
流水传潇浦，悲风过洞庭	1
独在异乡为异客，每逢佳节倍思亲	0
举孝廉，父别居	0
玉户帘中卷不去，捣衣砧上拂还来	0
舍簪笏于百龄，奉晨昏于万里	1
暂去还来此，幽期不负言	0
近水知鱼性，近山识鸟音	1
吟怀山川趣，观感古今文	1
为有牺牲多壮志，敢教日月换新天	0
大儿锄豆溪东，中儿正织鸡笼	0
乱花渐欲迷人眼，浅草才能没马蹄	1
处处春光好，村村气象新	1
晓之以理，动之以情	1
世上本无常照月，天边还有再来春	1
风吹仙袂飘飖举，犹似霓裳羽衣舞	0
一方有难，八方支援	1
飞星过水白，落月动沙虚	1
住近湓江地低湿，黄芦苦竹绕宅生	0
壮志饥餐胡虏肉，笑谈渴饮匈奴血	1
巢居知风寒，穴处识阳雨	1
城阙辅三秦，风烟望五津	1
近朱者赤，近墨者黑	1
孟尝高洁，空余报国之情；阮籍猖狂，岂效穷途之哭	1
阴精此沦惑，去去不足观	0
老去风情应不到，凭君剩把芳尊倒	0
杀人辽水上，走马渔阳归	0
螣蛇乘雾，终为土灰	0
胜日寻芳泗水滨，无边光景一时新	0
了却君王天下事，赢得生前身后名	0
非谢家之宝树，接孟氏之芳邻	1
上有六龙回日之高标，下有冲波逆折之回川	1
去来江口守空船，绕船月明江水寒	0
弦弦掩抑声声思，似诉平生不得志	0
襟三江而带五湖，控蛮荆而引瓯越	1
物华天宝，龙光射牛斗之墟；人杰地灵，徐孺下陈蕃之榻	1
人误地一时，地误人一年	1
吟哦出新意，坦率见真情	1
纷纷暮雪下辕门，风掣红旗冻不翻	0
高峰入云，清流见底	1
荒裔一戎衣，灵台凯歌入	0
从今若许闲乘月，拄杖无时夜叩门	0
毫挥鲁邑讼，目送瀛洲云	0
贫贱之知不可忘，糟糠之妻不下堂	1
不囿于人文而深论了人文，不囿于科学而深阐了科学	1
读书有味千回少，对客无情一句多	1
曲终收拨当心画，四弦一声如裂帛	0
莫言前路无知己，但恐此心难对天	0
山回路转不见君，雪上空留马行处	0
大树再高不会高过天，大海在深深不到地心	0
挥手自兹去，萧萧班马鸣	0
猛虎落陷阱，壮夫时屈厄	0
四壁墨花飞丽藻，一帘佳句占阳春	1
折戟沉沙铁未销，自将磨洗认前朝	0
明月不能无秋思，故人所在有春风	1
鸟宿池边树，僧敲月下门	1
两情若是久长时，又岂在朝朝暮暮	0
传承为生，创新为命	1
青年兴则国兴，青年强则国强	1
开轩面场圃，把酒话桑麻	0
雨过天愈碧，风来花送香	1
云鸿相约处，烟雾九重城	0
金屋妆成娇侍夜，玉楼宴罢醉和春	1
春江花朝秋月夜，往往取酒还独倾	0
斯是陋室，惟吾德馨	0
英雄气短，儿女情长	1
丹心已共河山碎，大义长争日月光	1
科技强身，人文强心	1
推倒一世豪杰，拓开万古心胸	1
鹤汀凫渚，穷岛屿之萦回；桂殿兰宫，即冈峦之体势	1
是谁招此断肠魂，种作寒花寄愁绝	0
澹然望远空，如意方支颐	0
眼界高时无物破，心源开处有波清	1
莫辨陈郑火，空霾邹鲁烟	0
清者莅职之本，俭者持身之道	1
浮云游子意，落日故人情	1
桃花细逐杨花落，黄鸟时兼白鸟飞	1
前途是光明的，道路是曲折的	1
大弦嘈嘈如急雨，小弦切切如私语	1
归来池苑皆依旧，太液芙蓉未央柳	0
高低冥迷，不知西东	0
三杯竹叶穿心过，两朵桃花上脸来	1
月圆则亏，水满则溢	1
群胡归来血洗箭，仍唱胡歌饮都市	0
海日生残夜，江春入旧年	1
都尉反龙堆，将军旋马邑	1
风吹云动星不动，水推船移岸不移	1
放怀形骸以外，浪迹山水之间	1
地上没有“绊马索”，天中没有“捕鸟网”	0
摇落深知宋玉悲，风流儒雅亦吾师	0
绿树村边合，青山郭外斜	1
游子魂销青塞月，美人肠断翠云楼	1
常记溪亭日暮，沉醉不知归路	0
小时不识月，呼作白玉盘	0
壮躯闭幽隧，猛志填黄肠	1
雄州雾列，俊采星驰	1
复道行空，不霁何虹	0
忠骨遍地地更暖，壮志满天天更新	1
蝉躁林逾静，鸟鸣山更幽	1
感我此言良久立，却坐促弦弦转急	0
不汲汲于富贵，不戚戚于贫贱	1
少年强则国强，少年富则国富	1
水无源而竭，木无根而枯	1
惟其艰难，才更显勇毅，惟其笃行，才弥足珍贵	1
幸甚至哉，歌以咏志	0
篱落疏疏一径深，树头花落未成阴	0
仗剑出门去，孤城逢合围	0
吴苑宫闱今冷落；广陵台殿已荒凉	1
彩霞照万里如银，素魄映千山似水	1
山不在高，有仙则名；水不在深，有龙则灵	1
种豆南山下，草盛豆苗稀	0
葡萄美酒夜光杯，欲饮琵琶马上催	0
知不可乎骤得，托遗响于悲风	0
周公吐哺，天下归心	0
疾风知劲草，烈火见真金	1
横眉冷对千夫指，俯首甘为孺子牛	1
尔来四万八千岁，不与秦塞通人烟	0
内化于心，外践于行	1
一击九千仞，相期凌紫氛	0
破镜重圆终有缝，碎玉复合仍见瑕	1
亭亭山上松，瑟瑟谷中风	1
落魄无心求富贵，运通富贵逼人来	0
武侯立岷蜀，壮志吞咸京	0
故人西辞黄鹤楼，烟花三月下扬州	0
叶多花蔽，云破月来	1
此度见花枝，白头誓不归	0
越陌度阡，枉用相存	0
苦调凄金石，清音入杳冥	0
世事催开卷，人情逼杜门	1
朝登大庭库，云物何苍然	0
无那风光餐不得，遣诗招入翠琼杯	0
非淡泊无以明志，非宁静无以致远	1
俨骖騑于上路，访风景于崇阿	1
无为在歧路，儿女共沾巾	0
飞来山上千寻塔，闻说鸡鸣见日升	0
功在当代，利在千秋	1
挥毫列锦绣，落纸如云烟	1
爱看春山疑读画，静研古墨试听香	1
飞梯绿云中，极目散我忧	0
空山新雨后，天气晚来秋	0
西楼遗迹尚豪雄，锦绣笙萧在半空	0
蝶粉蜂黄都褪了，枕痕一线红生玉	0
时时力戒—贪嗔痴慢疑，每日精进—恒喜孝诚习	1
溪壑可盈，志欲无满	1
肴核既尽，杯盘狼籍	0
全一人者德之轻，成天下者功之重	1
知多世事胸襟阔，阅尽人情眼界宽	1
寡助之至，亲戚畔之；多助之至，天下顺之	1
幽人月出每孤往，栖鸟山空时一鸣	1
情人怨遥夜，竟夕起相思	0
待到重阳日，还来就菊花	0
莫教明月去，留著醉嫦娥	0
漠漠水田飞白鹭，阳阳夏木啭黄鹂	1
万里赴戎机，关山度若飞	0
偏听则暗，兼听则明	1
生态兴，则文明兴，生态衰，则文明衰	1
怀旧空吟闻笛赋，到乡翻似烂柯人	0
款款效忠信，恩义皎如霜	0
一心在陈力，鼎列夸四方	0
千山鸟飞绝，万径人踪灭	1
绕树三匝，何枝可依	0
万里悲秋常作客，百年多病独登台	1
钿头银篦击节碎，血色罗裙翻酒污	1
西北望长安，可怜无数山	0
衣沾不足惜，但使愿无违	0
共作游冶盘，双行洛阳陌	0
书城高大能藏道，心地光明始爱才	1
积土成山，积水成渊	1
晚途值子玉，华发同衰荣	0
墙角数枝梅，凌寒独自开	0
层峦耸翠，上出重霄；飞阁流丹，下临无地	1
野池水满连秋堤，菱花结实蒲叶齐	0
灯火迄深书有味，墨花晨湛字生光	1
须陪长久宴，岁岁奉吹花	0
一种相思，两处闲愁	1
银瓶乍破水浆迸，铁骑突出刀枪鸣	1
居后而望前，则为前；居前而望后，则为后	1
闲逸磨损意志，勤奋陶冶智慧	1
托意在经济，结交为弟兄	0
贞松标于岁寒，忠臣亮于国威	1
清景南楼夜，风流在武昌	0
山路元无雨，空翠湿人衣	0
飞湍瀑流争喧豗，砯崖转石万壑雷	0
莫听穿林打叶声，何妨吟啸且徐行	0
秀语夺山绿，奇情破石坚	1
千磨万击还坚劲，任尔东西南北风	0
客舍门临漳水边，垂杨下系钓鱼船	0
为文物续命，为中华寻魂	1
月既不解饮，影徒随我身	0
似青似白天浓淡，欲堕还飞絮往来	0
争先进当先进赶先进，学科学用科学追科学	1
大漠孤烟直，长河落日圆	1
含香体素欲倾城，山矾是弟梅是兄	0
少年负胆气，好勇复知机	0
愿君光明如太阳，放妾骑鱼撇波去	0
苍山如海，残阳如雪	1
夜深忽梦少年事，梦啼妆泪红阑干	0
殉死礼所非，况乃用其良	0
万叶秋风孤馆梦，一灯夜雨故乡心	1
物华天宝，人杰地灵	1
日照香炉生紫烟，遥看瀑布挂前川	0
临别赠言，幸承恩于伟饯；登高作赋，是所望于群公	1
绵绵用力，久久为功	1
好花偏遇三更雨，明月忽来万里云	1
门前泊舟楫，行次入松筱	0
如今却忆江南乐，当时年少春衫薄	0
江流今古愁，山雨兴亡泪	0
东风恶，欢情薄	0
俏也不争春，只把春来报	0
酒，过于浓烈则辛辣，过于寡淡则无味，唯有味道平衡才醇香；歌，过于高亢则刺耳，过于低沉则抑郁，唯有声音平衡才动听	1
梁王与武帝，弃之如断梗	0
快是一种质量，慢是一种智慧	1
承欢侍宴无闲暇，春从春游夜专夜	0
地迥鹰犬疾，草深狐兔肥	1
云笼远岫愁千片，雨打归舟泪万行	0
天欲飞霜，云将作雨	1
长桥卧波，未云何龙	0
天生我材必有用，千金散尽还复来	0
曾经沧海千层浪，又上黄河一道桥	1
千里莺啼绿映红，水村山郭酒旗风	0
一池芙蓉新出水，千层芳草远浮山	1
黄河远上白云间，一片孤城万仞山	0
碛里征人三十万，一时回首月中看	0
