时间就像时间，太阳和月亮就像匆忙;时间不强，不努力，老人的悲伤无助;时间是一个让人长久，千里之遥的循环。,B
时间是一条持续奔跑的大河，它是一匹在空中飞舞的马，它是红色尘埃中的轮子，是一个无法逆转的沙漏。,1
洗手时，时间从盆地流出;当你吃饭时，时间从饭碗里流过;当你沉默时，时间会从平静的眼睛中消失;我意识到他匆匆忙忙，当他伸出手并保持时，他又一次保留的手已经过去了。,1
时间就像时间，太阳和月亮都像匆忙;时间不强，努力工作，老板伤心无助;时间是期待已久的，期待已久的周期。,1
时间就像一个统治者，它可以衡量奋斗者的进步;时间就像一个平衡，它可以衡量挣扎者的重量，结果就像金子，它可以引导我们懂得珍惜生命;时间就像穿梭机，它可以带我们走很长的历史。时间就像太阳，它可以带给我们无与伦比的温暖和光明。,1
时间是冰雪风暴，会染上我们年轻的额头;时间是一条湍急的河流，将淹没我们的生命之舟。,0
时间就像一条河流，时间流动汹涌;时间就像一根看不见的箭，没有痕迹;时间就像一阵风，给人一种寒意，或温暖！,1
时间是一把刀，在父母的脸上刻有皱纹;时间是一股河流，带走了我们的过去;时间是指针，转向，告诉我们生命在继续。,1
幸福是沙漠中一个清晰而甜蜜的春天。幸福是黑暗中的亮光。夏天，幸福是一阵清爽的微风。,1
快乐是一杯茶，可以让人快乐;幸福是一丝傍晚的风，可以吹走夏天的炎热;幸福是阳光，可以温暖冷酷的心;幸福是一个明确的春天，可以滋养年轻的心;幸福是一种带给我无限回忆的感觉。,1
幸福是沙漠中一个清晰而甜蜜的春天。幸福是黑暗中的亮光。夏天，幸福是一阵清爽的微风。,B
快乐是一种感觉，但它可以涂在脸上，涂在眉毛上，在嘴里唱歌，写在心里。幸福是一种体验，但它可以与每个人共享并拥有在一起。把你的快乐带走，一个人的幸福将神奇地成为许多人的幸福。,0
幸福是初春的一点点萌芽，幸福是仲夏的红色花朵，幸福是金色的金色秋天，幸福是冬天的一片雪。,1
白色的蜡烛告诉我，幸福正在燃烧自己，照亮他人;飞鹰告诉我，幸福飞得很高，在天空中飞舞;奔驰的马告诉我，快乐是自由而无拘无束的......,1
幸福是一杯酿造过多次的葡萄酒;幸福是薰衣草的芬芳和美味;幸福是父亲在雨中送来的伞;幸福是十亿人脸上的笑容;幸福是一杯太容易喝的酒。,1
你生病时，幸福就是一杯白水。幸福是困难的问候。当你感到沮丧时，幸福是一种鼓励。幸福是绝望的拯救。,0
幸福是“秘密紧张，恐惧被推迟”的关注点;幸福是“没有坟墓，天地，但敢于和君主的山”的爱;幸福是“桃花池深达千尺，不如王伦送我爱的感情;幸福是今晚家乡，霜冻和明朝的错过。,1
幸福是老人眉头上的笑容，幸福是孩子成绩的完美得分，幸福是金色的军事勋章，幸福是红色的藏红花,1
幸福是母亲的热情拥抱。幸福是情人的深情拥抱。幸福是朋友的无私关怀。幸福是对世界的赞美。幸福是风的样子，幸福是在雨中敞开的伞，幸福是烈日下的草帽，幸福是冬天的雪蚜棉。幸福是彼此相遇的快乐。幸福是长长的亭子的背离。当你回顾时，幸福是你的期望。当你再次见面时，幸福是一个惊喜。,1
幸福是贫困的一块蛋糕，一看逆境中心的心脏，父亲的粗犷触摸，女友的温暖记录。幸福就是与朋友一起跳舞，唱歌，表达喜悦。幸福就是你从地球的两端聚集在一起。幸福正在等待年迈的父母。幸福是一个健康的身体。幸福有一颗健康的心。幸福曾经存在。,1
幸福是“零落泥和尘埃的圣洁，只有香火就像它一样好。”幸福是“强烈的饥饿和饥饿，对匈奴血液的欢笑和渴望”的宏伟“;幸福是“世界担忧，未来的忧虑。音乐的快乐;幸福就是“自古以来从未有过的生命，保留了内心的心”。,1
幸福是内心的微笑。幸福是一种不禁幸福的呼唤。幸福是一种被遗忘的舞蹈。幸福是一首自我创造的歌。,1
在哪里开山，在哪里桥，在哪里铲陡坡，在哪里改变曲率，要经过调查并进行仔细计算。,0
在雨中，山中的每一块岩石，每一片叶子，每一片绿草，都成为一道奇妙的钥匙。,1
印度人喜欢雨后微风的气息，喜欢它帮助水面的声音，喜欢松香在风中的芬芳。,1
有些人还活着，他已经死了;有些人已经死了，他还活着。有些人骑在人们的头上;有些人向下倾斜，给人一头牛。有些人把自己的名字刻在石头上，想成为不朽的;有些人愿意等待地上的火灾。有些人离不开别人。有些人活着，为大多数人生活得更好。,1
山，没有母亲的爱是高的;海，没有母亲的爱是深深的;天堂，没有母亲的爱是广阔的;地球，没有母亲的爱是伟大的;太阳，没有母亲的爱是温暖的;云，没有母亲的爱是白色的;鲜花，没有母亲的爱是辉煌的。,1
母爱，就像微风一样，即使它突破了厚重的墙壁，它依然清凉温暖。母爱，就像一阵雨，即使它滋润了所有长时间干燥的东西，它仍然非常多样化。,0
母爱是山水画，洗去铅雕，留下清新自然;母爱如同一首深情的歌，圆润悠扬，蔑视和歌唱;母爱是一阵风，吹着雪，无尽的春天母亲喜欢火热的太阳;母爱在夜里就像一盏油灯，母爱在冬天就像一件毛衣;母爱更像是山中的溪流。一点点细流合并成蜿蜒的流。一点点关心融入了强烈的母爱。,1
母爱是伴随着莹莹笑的生命，母爱是徘徊在世界的尽头，母亲的爱是孩子在病床前的关注，母爱是孩子日益增长的希望。,1
母爱是一首田园诗，安静纯洁，优雅;母爱是一幅山水画，洗去了铅雕，留下了清新自然;母爱是一首深情的歌，圆润悠扬，唱歌;母爱是一阵风，吹雪飞扬，带来无限的春天。,1
母爱就像一杯浓香的茶，给我们饥饿和口渴时的香气;母爱就像彩虹之光，在失落时给予我们希望;母爱就像一个红色的太阳，带来我们的寒冷温暖;母爱就像一盏明亮的路灯，在我们迷路的时候给我们指路。,1
母爱是徒步的灯塔，引导着进步的方向;母爱是冬日的阳光，温暖着红孩子的心;母爱是尽职尽责的守护者，保护年轻的生命;母爱是春天的细雨，滋养着干地母爱是秋天的金色，呈现出丰收的喜悦。,1
母爱是太阳，温暖着灵魂。母爱是滋养灵魂的雨。母爱是灌溉灵魂的沃土。母爱是美化灵魂的彩虹。,1
母爱是一缕阳光，即使在寒冷的冬天，你的心也会像春天一样温暖;母爱是一个明确的春天，即使天气多年，你的情绪也会保持纯净和清晰。,1
妈妈，你是一棵大树，我是一棵草，你遮住我一片绿荫;妈妈你是一个湖泊，我是湖中的一条鱼，你为我提供了广阔的活动空间;妈妈你是一个炉子，为我提供温暖;妈妈是一个信封，充满了对我的鼓励;母亲是铺路石，为孩子牺牲一切;母爱是一缕阳光，即使在寒冷的冬天，你的心也会像春天一样温暖;母爱是一个清澈的春天的一瞥，即使多年的风都被覆盖，你的情绪依然纯洁清晰;在严酷的冬天，母爱是一缕阳光，流浪者身上有棉质外套，甜美而甜蜜的心。,1
你的伟大凝聚了我的血肉;你的伟大塑造了我的灵魂;你的生活是一场爱的航行;你用一个漂亮的年轮来编制一个墨水日历我已经花了你的感情，并在你的肩膀和膝盖上玩。,1
充满爱与怜悯，小心翼翼地倚靠守护者;你可以露出你明亮的胸膛;你的精力充沛，强壮有力;你沸腾的血液正在流淌,0
你是一棵大树，春天，靠着你的幻想;夏天，靠着你的繁荣;秋天，靠着你成熟;冬天，靠着你思考;你的高大宽阔的树冠，这四个野生永远不会狂野;妈妈，你给了我生命，你是促进我成长的土地。,1
如果世界上有任何无私的爱，那就是母亲对孩子的爱;如果世上有任何可以让我们泪流满面的爱，那么只有母亲的孩子的爱;如果世界上有任何一种爱让我们放弃一切，那么只有母亲对孩子的爱。,1
如果我是一个行走数千英里的夜行者，我的母亲必须在夜晚温柔的灯光下，远离我，要叫我犹豫的脚步声;如果我只是抱怨那个蹩脚的演员，母亲一定是热烈的掌声，要求自信，激励我努力工作;如果我是一只俏皮的小鱼，我的母亲一定是绿色的湖泊，当我宽容我的顽皮时，我也会很开心。一个圆圈已经扩散。,1
当你难过的时候，你很安慰;当你沮丧时，你就是希望;当你软弱时，你就是力量;在你的小海湾，避免风雨，你开阔视野;你是我永远的朋友，生命的力量。,1
理想，进步的动力，成功的方向。一个人，如果没有理想，就像一只没有飞行翅膀的老鹰;它就像没有咬牙的猎豹;它就像一只警犬没有敏感的嗅觉。,1
理想的是石头，揉着星星的火焰;理想是火，点燃希望之光;理想是光，照亮前进的道路;理想是道路，引领你走向成功。生命只有一次，生命本质上是脆弱的。但是有了理想的支持，生活就会变得强大。理想的是一首响彻云层的歌曲。每一个音符都有生命的命运。,1
因为对蓝天的渴望，老鹰只能在天空中战斗;由于对大海的渴望，鱼儿游向上游;因为理想的导航，我们有前进的方向。人们的生活总是在不断追求理想，理想的实现总能让我们快乐。它就像一只飞蛾，陷入熊熊烈火，愿意成为火焰的俘虏，只为了那一刻的光芒。,1
理想的是歌曲，播放生命的音乐;理想的是运动，构成声音的音符;理想是笔记，生命的奇迹。,1
理想是希望之光，照亮我们美好的未来！理想是一颗闪亮的星星，引导我们走向黎明！传播理想，你将拥有辉煌的未来，挑战自我，你将实现智慧的智慧！,1
6，理想的是石头，敲出星星的火焰;理想的是火，点燃熄灭的灯;理想的是光，照亮了夜晚的道路;理想的是道路，引领你到黎明。在实现理想的途中，请带上理想，因为理想有能力支持人们实现理想！,B
理想充满斗志，理想不怕困难;理想使人们追逐目标，理想使人们到达另一岸;理想让我们站起来挫折;理想让我们在困境中找到希望。,1
理想就像火一样点亮了心中的黑暗;理想，就像一个激励我们前进的引擎;理想，就像一座灯塔，指向我们前进的道路......,1
如果你有理想，那就努力吧;如果你没有理想，那就建立一个你可能会被自己嘲笑的理想！在磨练自己的意志的同时实现理想,0
没有理想的人，他的生活就像一个荒凉的戈壁，冷酷而清晰，没有生命力;没有理想的人，他的生活就像一艘无舵的船，颠簸，没有方向;没有理想的人，他的生活就像漫长的夜晚，它是黑暗和黑暗的，没有光明。,1
没有理想，生活就像沙漠，没有生命;没有理想，生活就像夜晚，没有光明;没有理想，生活就像一个迷宫，没有方向。,1
理想的是幼苗，长成一棵参天大树;理想的是树，嫩芽被绘制;理想的是芽，美丽的花朵被打开;理想的是花朵，生产出甜美的果实。,1
理想是成功的基石;理想是灵感的驱动力;理想是勇气的源泉。,1
理想是水，倾泻出生命的幼苗;理想的是幼苗，生长的树;理想的是树，生命之花被打开;理想是花，生命的果实！,1
理想的是一把锋利的剑，它可以帮助你清除障碍;理想是照亮未来的明亮光芒;理想是一座纪念碑，帮助您见证荣耀。,1
理想的是陈胜和吴光手中飘扬的旗帜。理想的是在毛**之前飞过的刷子。理想是马克思恩格斯书中燃烧的希望！,1
理想的是导航灯，它指导船舶航行的方向;理想的是黎明，照亮夜行者的道路理想地是沙漠中的一瞥，让干燥的步行者看到了生命的希望。,1
理想就像一个指南针，引导你前进的方向;理想就像远处的灯塔，照亮你前进的道路;理想就像一艘船，风浪一样，驶向胜利的另一边。,1
理想是永恒的信念，理想是勤奋的精神，理想是艰苦的追求。,1
理想是一朵华丽，美丽，不败的春花，优雅，随风飘舞;理想是一个持久的春天，它是如此纯净，没有实用的色彩;,0
理想是远处的灯塔，指示进步的方向;理想的是在雪后擦拭太阳，温暖一颗心;理想的是五彩泡泡，美丽而易腐烂。,1
理想，像一阵风，吹向未来;理想，像一艘船，飘向远方;理想，像灯一样，明天点亮。,1
理想的是树，支持你的阴影;理想是光，溶解冬天的雪;理想的是雪，滋养土地的水;理想的是水，形成无边无际的大海。,1
理想是生命的延伸和扩展;理想是人类进步的动力;理想是创造的源泉。,1
理想就像湍急的河流;理想就像一块华丽的花瓣;理想的是温暖的阳光。,1
理想是剑，可以帮助你清除障碍;理想是一盏明亮的灯光，照亮未来;理想是一座纪念碑，帮助您见证荣耀。,1
理想，像一阵风，吹向未来;理想的，像一艘船，飘向远方;理想的，像灯一样，明天点亮。,B
理想不是现成的食物，而是需要我播种的种子;理想的不是图片，而是一张白纸，我需要画画;理想的不是绿洲的绿洲，而是沙漠。我需要去打开。,1
理想就像春天，孕育着希望的生命;理想就像夏天，绽放着希望之花;理想就像秋天，收获希望的果实;理想就像冬天，埋葬希望种子。,1
30.理想是春天，孕育着希望的生命;理想是夏天，希望之花开启;理想是秋天，希望的果实被收获;理想是冬天，希望的种子被埋没了。,B
理想的是海洋。白色的帆在大海中烟雾弥漫。总有一艘船漂浮着你。理想的是一天。天空很高，云层很迷人。总有一对翅膀适合你。理想的是广阔的天空。天空中总会有一串星星，总有一个星座等着你等待那美好的明天......,1
理想是春天的绿色，细腻而脆弱，充满新意;理想是生命之水，让人们希望事物是沉默的;理想是天空的风，来来往往的匆忙;理想是枯叶，滋养大树迎来新生儿。,1
理想的有时是下雨，可以滋养各种田地;理想有时是一束光，可以照亮心灵的黑暗;理想有时是一阵狂风，可以吹走心中的烦恼;理想有时是一个可以与你和我沟通的桥梁;理想有时是一个可以发送温暖的句子。,1
理想的是天空的风，来来往往的匆忙;理想的是枯叶，滋补树木，迎来一种新的理想，就像一阵风，吹向未来;理想的，像一艘船，飘向远方;理想的，好像一盏明灯，明天点亮。,B
理想的是高山和危险的山脉。只有奋进，坚持不懈，永不停歇，才有可能攀登到最高峰，最美丽的高峰;理想的是一只海燕，自豪地在灵魂的海洋中飞翔;理想或虚无天空中起伏不定的市场，虽然只是快乐，幸福和美丽。,1
不断的追求，我们可以发现我们从未发现它;不断的追求可以驱使我们走开;不断追求可以达到我们未知的领域。,1
追求统治者，它可以衡量奋斗者的进步;追求同样的平衡，它可以衡量奋斗者的结果的重量;追求就像鞭子，它可以刺激我们追赶生活的目标追求就像一个鼓，它可以激励我们加快进步的步伐。,1
有追求，奋斗有意义。有了追求，生活就有了财富。随着追求，理想有翅膀。随着追求，生活有了自己的方向。,1
追求是坚持不懈，大胆坚韧;追求是决心，坚持和坚定;追求是一种勇气，一帆风顺;追求是一个大胆的，前进的头脑。,1
因为追求，在风暴中，我们慢慢变强;因为追求，在脾气中，我们逐渐成长;因为追求，在吹口哨中，我们有希望;因为追求，在黑暗中，我们拥有光明。,1
如果没有追求，我们只会在严厉中颤抖;如果没有追求，我们只会在困难中咆哮;如果没有追求，我们只能在风暴中生存;如果没有追求，我们只能在山区和水域进行。,1
追求进取的关键，想要点道路标志，就像鹰飞的方向，喜欢马的重量。,0
追求，你不能抓住运气的命运;追求，你不能指望有一个奇迹;追求是勇敢，勇敢的斗争;追求，是要热情，积极的努力。,1
没有追求，你怎么能有勇气努力？没有追求，怎么会有力量跳跃？没有追求，怎么会有一个丰富多彩的舞台？没有追求，怎么会有光明的未来？,1
追求不仅要突破障碍，还要摧毁障碍，实现非凡的自我;追求不仅要实现目标，还要实现目标，实现辉煌的未来;追求不仅要克服困难，还要粉碎困难，实现完美人生;追求的不仅是体验考验，还要考验考试，实现青春无悔。,1
追求是什么？追求是在对他人善待的工作中容忍和平与慷慨。追求是什么？我们的目标是通过思考阅读和聊天来学习各种知识。追求是什么？追求是遇到困难，有信心愿意受苦，乐观和善良。追求是什么？追求的是，??无论年龄大小，只要我还活着，我仍然可以认真思考。,1
追求永远不会逃避，我们需要目标。追求永远不会逃避，我们需要坚持下去。追求永远不会逃避，我们需要超越。,1
如果追求是一首歌，那么放弃舒适是最激情的旋律;如果追求是一幅画，那么傲慢是最美的色彩;如果追求的是一杯葡萄酒，那么永不放弃就是最醇厚的味道。跳舞追求的翅膀，收获生命的幸福。,1
追求是生活中讨价还价的筹码;追求是无尽生命的源泉;追求也是创造机会的条件。,1
追求是什么？追求是希望，照亮生活的理想！追求是什么？追求是失望，打破了希望之窗！追求是什么？追求是再看（抵抗），一次又一次地死！追求是什么？追求就是观看，不要放弃理想的家！,1
有些人一日三餐追求食物和衣物;有些人追求健康和快乐;有些人追求很多钱;有些人追求社会贡献......,1
如果爱是右手，那么就给予孩子一个人，并给予老人经典的陈述;如果爱是左手和右手，一个给予早春，一个给予深秋;如果爱是左右手，一个是给予的，实际上，一个给予理想;如果爱是正确的，那么一个人会给出历史，另一个人会给予未来。,1
2，关怀和关怀是一种表情，给学生一个无声的祝福;照顾是一件轻而易举的事，让学生身心舒畅;关怀是一场春雨，给学生营养的心脏;关怀是一个问题，给学生春天的温暖。,1
3，父爱是风，把烦恼吹走;父爱是被子，他让你感到温暖;父爱是臭豆腐，看起来很糟糕，可以在你的心里香;父爱是英雄，因为他非常伟大。,1
4，爱是阳光在冬天照耀，穷人和病人都感受到人生的温暖;爱情是一种出现在沙漠中的泉水，让处于绝望边缘的人们能够再次看到生命的希望;爱是一种漂移夜空中的歌曲给没有灵魂的人带来无灵魂的安慰。,1
5，爱情是一个甜蜜的春天，让不幸的人忘记生命的苦涩;爱是一首美丽的歌，让生活无聊的人感受到生活的乐趣;爱情是一个流动的春天，饥饿的行人感受到人生旅程的甜蜜;爱是一首美丽而美丽的歌，让孤独的人感受到生命的美;爱是一颗在心中流淌的泉源，让沉浸在痛苦中的人感受到人类的甜蜜;爱是一首在耳边回响的歌，让孤独的人感受到世界的温暖;爱是一种冲击冰门的泉水，使石头的心脏震惊;爱情是一座夜晚闪耀的灯塔，让迷失的船只找到了海港。爱情是春天的小雨，让寂寞孤独的人享受灵魂的滋润;爱情是夏夜的春天的泪水，让热情和不安的人享受诗意的宁静;爱情是一个人在雨夜把握一把小雨伞，以便漂泊在外地的人们能够从他们所爱的人那里得到庇护;爱是飞过天空的彩虹，让眼睛闷闷不乐的人可以看到世界的美丽;一杯冰水溅在头顶，让高热和昏厥的人可以冷静思考;爱情是一块装在嘴里的牛奶糖，让长期饮用黄连的人品尝生活的甜头。,1
6.爱是一道明亮的光，照亮了心底的黑暗;爱是宽广的天空，一切都是包容的;爱是阳光，照亮世界。,1
爱情是布什德泽春苗的阳光;爱是柳树微风轻轻抚摸;爱情是由母亲送到雪地的毛衣;爱是朋友的温暖祝福;堕落后的爱是陌生人的帮助;爱是老师的一个鼓舞人心的眼睛。,1
当你伤心时，爱是一种温柔的安慰。当你感到自豪时，这是一个及时的警告。当你受伤时，这是一种鼓励。,1
9.爱是“秘密紧张，恐惧被延迟”的关注。爱是“世界的忧虑，世界的快乐，世界的快乐”的核心;爱情是“与风一起潜入夜晚，事情沉默和奉献。,1
10，爱情不是虚假的谎言，它是一种真实的情感，只要你仔细感受，就会发现爱情就在你身边：你妈妈一大早就挤进牙刷里可能是一寸牙膏，让你感到温暖;它可能是来自陌生人的帮助，让你体验到温暖;它可能是老师在作业中留下的白发，让你感受到爱情;它可能是一个微笑，让你理解宽容和欣赏。在生活中，你有这种感觉，经历，感受，理解，被触动和感染，激励和鼓舞，你将摆脱漠不关心，畅通无阻，成为一个有爱心的人。,1
勇气给了我们力量;勇气给了我们信心;勇气使我们坚定不屈。,1
2，勇气是石头，敲出星星之火;勇气是火，点燃了希望之光;勇气就是灯，照亮了夜晚的道路;勇气是道路，引领你走向黎明。,1
3，勇气是眼睛，看到心中的愿望;勇往直前，成功之门;勇气是嘴巴，唱出心灵的梦想。,1
布鲁诺很勇敢，因为他有勇气投入真相;贝多芬勇敢，因为他有勇气去挑战命运;屈原很勇敢，因为他有勇气为国家建国;戚继光很勇敢，因为他有勇气打击敌人。,1
5，不仅是需要勇气的英雄事件，还包含日常事务中的勇气。坦白承认你的错误需要勇气;向老师提出不同的意见需要勇气;走上领奖台并推荐自己需要勇气。独自前去需要勇气;甚至独自在黑色的道路上独自完成由老师分配的任务。 ......这些都是勇气。,1
我们庆祝我们的勇气，赞美我们的勇气。与此同时，我们真诚地呼唤着勇气。这个老人被歹徒刺伤了，旁观者都没有出面帮忙;孩子们蹲在水里，但周围的人却视而不见;居民的建筑物处于火焰中，旁观者指着他们，但他们没有前去帮助......这些事实让我们为人类感到难过。冷酷，勇敢。但是，我坚信，只要有人存在，勇气之花就不会枯萎。,1
7.我们欣赏勇气，勇敢地期待没有翅膀的蓝天，以及当我们欣赏翅膀时试图飞翔的勇气;我们也很欣赏飞翔和打破翅膀的勇气。如果一个人有这样的勇气，他就能成为一名钢铁战士。如果一个国家有这样的勇气，它将立于不败之地！,1
我们感激勇气，因为它是智慧和力量的体现。斯巴达克可以勇敢地带领角斗士和奴隶起义;司马迁劳动局依靠勇气;成吉思汗以勇气和勇气征服世界，既是一个村庄坚不可摧的长矛，也是一个没有盾牌的盾牌。有了勇气，就有能力突破一切困难和障碍;有了勇气，你就可以无所畏惧地与厄运作斗争;有了勇气，你可以冲上泥土冲进大海。,1
9.面对困难，勇气无所畏惧;面对敌人，勇气平静而平静;面对错误，勇气是一种深刻的反省;勇气是名誉和财富的宁静;勇气是诱惑的平静。,1
10，勇气就像温暖的阳光，让因为自私而日益麻木的人的心得到温暖;勇气就像一条甜蜜的河流，使遭受苦难的灵魂变得湿润;勇气就像新鲜空气一样，让心脏变得灰暗。寒冷的心灵充满活力。,1
11.我们钦佩鲁迅先生，因为他敢于向黑社会宣战;我们爱毛爷爷是因为他敢于将中国从子弹雨中拯救出来;我们崇拜海伦凯勒，因为她敢于应对令人窒息的黑暗和沉默的世界。摔角;我们赞扬王昭君，因为她敢单独外出，走到寒冷的边境，完成民族和平的使命。,1
12.什么是勇气？勇气是古希腊英雄穿越海峡时的坚定意志;勇气是古罗马角斗士和野兽无所畏惧的精神;勇气是莫斯科市人民三年来被围困的坚定信念;勇气是“海空战士”王伟为国家牺牲的同志们的骄傲......,1
13.我们感激勇气，因为它是自我提升的法宝。如果没有创新的勇气，莱特兄弟就不会发明飞机;李时珍没有勇气奉献自己，也不打算编写“本草纲目”;袁隆平没有勇气突破，也不会成为杂交水稻之父。,1
14.真正的勇气是一种精神力量，是人格的力量，是智慧的力量。有了这种力量，我们就可以独自在困难的山脉上行走;有了这种力量，我们就能战胜生活的艰辛;凭借这种力量，我们可以成为命运的主人，并始终提升胜利之风。 。,1
爱是一个阳光照在冬天，让穷人和病人感受到世界的温暖;爱情是一个出现在沙漠中的春天，让处于绝望边缘的人们能够再次看到生命的希望;爱是一种徘徊夜空中的歌曲给没有灵魂的人带来无灵魂的安慰。,1
2，关怀是一种看，给学生一个无声的祝福;照顾是一件轻而易举的事，让学生身心舒畅;关怀是一场春雨，给学生营养的心脏;关怀是一个问题，给学生春天的温暖。,1
"3，看到众神和狮子,都知道爱情无论年龄大小！在看到破碎的手臂山之后，我明白爱是不分性别的！我记得鬼魂消失后，我知道爱情对生活漠不关心?！",1
时间就是刀，父母的脸上刻着皱纹;时间流淌着河水，带走了我们的过去;时间是指针，转向，告诉我们生命在继续。,1
2，时间就是金钱;时间就是收获;时间就是知识;时间就是生命。,1
3，时间是一条持续奔跑的大河，它是一匹在空中飞舞的马，它是红色尘埃中的轮子，是一个无法逆转的沙漏。,1
时间匆匆“时间就像箭，太阳和月亮像梭子一样”;时间是“小而强，不努力，老人伤心”的无奈;时间是“我希望人们将永远持续，千里万里将在一起”的循环。,1
5，时间就像空灵和温柔的记忆，轻轻地过去的尘埃;时间就像梦幻般的流氓，充满了心灵的香气;时间似乎是尴尬的模糊触摸，慢慢漂移到未来。,1
6，时间就像皮革鞭子，它可以刺激我们追赶生活的目标;时间就像一个鼓，它可以激励我们加快进度的步伐。,0
7，时间就像一个统治者，它可以衡量奋斗者的进步;时间就像一个平衡，它可以衡量奋斗者的结果的重量。,0
8，时间就像微风，它可以帮助我们吹走云层;时间就像毛毛雨，它可以帮助我们洗去心中的杂质。,0
9，时间就像一个清澈的泉水池，它可以帮助我们清洗头脑上的污垢;时间就像一股水流，它可以帮助我们淡化灵魂的痛苦回忆;时间就像是一种良药，它可以帮助我们缓解心脏的痛苦时间就像一个尖锐的边缘，它可以帮助我们消除不成熟的肿瘤。 。,1
1，春雨，有时像飘渺的云烟，有时像丝针线，有时像罗莎一样密织。,1
2，雨滴挂在小树上，就像树上的小面纱;它漂浮在河上，就像许多虫子爬行一样;它落在草地上，就像绣在无边的绿色地毯上的小白花。,1
3，雨落在地上，成了地球的孩子;雨落在电线上，给孩子们滑雪;雨落在河里，成了这条河的孩子。,1
4，雨是最常见的，看起来像牛的头发，像一根细针，像细线一样，对角密密麻麻地编织而成，房子的屋顶上到处都是一层薄薄的烟雾。,1
5，像母亲一样的雨来安抚旱地;像母亲一样的雨关心新草;雨像妈妈一样滋润着我们的心。,1
6，最沉重的是冬天的雨。她是如此的冷，如此惊呆了，在雾气弥漫的淋浴中回到过去，会唤起你的尴尬，以及善良的依恋。,0
7，最别致的是秋雨。她是如此优雅，所以放手，在朦胧的雨中冥想，你将体会到成熟的生活魅力。,0
当我停下来时，我可能正在前进;当我入睡时，其他人可能在晚上读书;当我感到骄傲时，其他人可能会感到尴尬;当我责怪别人时，别人可能会重新思考过去。,1
2，时间就像一个统治者，它可以衡量奋斗者的进步;时间就像是一样的平衡，它可以衡量挣扎者的结果时间的重量就像金子一样，它可以引导我们懂得珍惜生命;时间就像穿梭机，它可以带我们走很长的历史。时间就像太阳，它可以带给我们无与伦比的温暖和光明。,1
3，时间就像皮革鞭子，它可以刺激我们追赶生活的目标;时间就像鼓，它可以帮助我们加快进度。时间就像微风，它可以帮助我们吹走我心中的阴云;时间就像毛毛雨，它可以帮助我们洗去心中的杂质。时间就像一个清澈的泉水池，它可以帮助我们清洗头脑上的污垢;时间就像一股水流，它可以帮助我们淡化灵魂的痛苦回忆;时间就像一种良药，它可以帮助我们减轻灵魂的痛苦;时间像锋利的刀片，它可以帮助我们消除杜的思想肿瘤。时间就像一个统治者，它可以衡量奋斗者的进步;时间就像是相同的平衡，它可以衡量奋斗者结果的重量。,1
4，时间是一条持续奔跑的大河，它是一匹在空中飞舞的马，它是红色尘埃中的轮子，是一个无法逆转的沙漏。,B
他在家乡何振清！显然你可以看到河里的沙子;你家乡的河水非常绿！绿色就像一片绿色的草原;我家乡的河水真的很安静！只看到远处的群山才知道船在行走，这是很平静的。,0
我家乡没有繁华的城市。没有安静的湖泊和侵入肌肉的湖泊。没有像悲剧这样的城堡。没有绿色森林可以融化你所有的想法。然而，在我的家乡，有亭子和亭子，古韵，溪流湍急，绿色山脉和绿色水域环绕的农舍，以及美丽的花朵，可以缓解你所有的悲伤。,1
如果我是画家，我会用彩色画笔描绘我的家乡;如果我是一个诗人，我将用我的黑白笔赞美我的家乡;如果我是歌手，我会用甜美的声音赞美我的家乡！朋友，听虚拟，眼见为实，请到我家乡看她的风景！,1
4，我家乡的春天来了，小花儿穿上一条亮丽的裙子，草地被母亲紧紧拥抱，在微风中摇曳，跳跃着美丽的舞蹈。柳树开始发芽，在柳条上钻了小芽，小芽在柳条上顽皮地播放。,0
我喜欢家乡的春天，因为它给了地球生命;我喜欢家乡的夏天，因为它有人民的辛勤工作;我喜欢家乡的秋天，因为它有收获的果实;我喜欢家乡的冬天，因为它有一个童话般的梦想。,1
在我家乡的冬天，鹅毛的羽毛连续倒下了。地面是雪，厚，柔软;房子是雪，白色，松软，柔软;树上覆盖着积雪，雪也使树枝弯曲。阳光照在雪山上，闪耀着光芒。,1
你已经享受了春天的春天的花朵，赞美了丰收的秋天，你还没有品尝过我家乡的夏天。我家乡的空气在夏天真的很新鲜。空气中弥漫着泥土的气息和花草的芬芳。我家乡的水是如此的甜蜜和甜蜜，我喝了一口，通常凉爽到我的心脏和脾脏，夏天的热量消失;我的家乡风景如此美丽，绿色的玉石充满了眼睛，真的很舒服！,1
我赞扬长长的草飞的春天，赞美秋天的秋天，你从未经历过我家乡的夏天。我家乡的树木真的很大，我要坚持到天空;我家乡的树木种类繁多，我无法计算;我家乡的树木真的很绿！绿色就像一块巨大的祖母绿。走进村庄，似乎走进了一个美妙的世界，空气清新，鸟儿芬芳，风景宜人;即使在炎热的夏日，你也会感到精神焕发！,1
幸福是“让我们走到最高层，走向更高层次”的追求幸福。 “阴影水平和倾斜的水，黑暗的香气漂浮的月亮黄昏”的凄凉的幸福是“天空小，雨就像一个清脆，草是遥远的。 “近而不是”的幸福幸福是“月亮将在头上，人们将在黄昏之后”。幸福是“春蚕给死丝，蜡火炬变成灰泪”的代价。,1
我们：我们赞美浩瀚的大海，我们会想到河流中的粗犷和持久吗？我们赞美山的威严，我们会想到土石的积累中的漫长而沉默吗？我们欣赏美丽的风景，我们是否会想到所有事物的成长。又硬又有活力？,1
电话：生活需要一个理想的电话。当你懒惰时，它会叫你勤奋;当你昏昏欲睡时，它会叫你;当你感到自豪时，它会叫你清醒和谦虚;当你砰的一声，它会叫你谨慎;当你跌倒时，它叫你站立。,1
生活：生活就像一首诗。应该有更多悠扬的歌词和更少的苦涩叹息。生活就像一幅画，应该是更美丽的色彩，更少的灰色调。生活就像一首歌，应该有更高亢的歌声，少哀悼。如果生活就像是一盘棋，那么应该有更积极的攻击和更少的负面收缩。,1
5.诚信：诚实就是孩子在警察叔叔手中捡到的一分钱的微笑。这是年轻先锋眼中的闪光。诚信是焦裕禄推开柴门人的春风。孔繁森把西藏母亲的旧霜脚砸在怀里，这是一种深刻的感觉。诚信是建国领导人的号召，面对新中国的新曙光，“中国人民从这里站起来了”。诚信是继续向西方开放以“让中国实现伟大复兴”的领导者的决定。,1
美女：美女是一些在蓝天中漫步的白云。美丽是在山上摇曳的残余雪。美女是在丛林中唱歌的几只鸟。美是海上的阳光。,1
7.四季：春雨，细腻柔和，在山上穿上漂亮的衣服;夏雷，快速而凶悍，温暖的鼓声终生;秋风，清凉舒适，给叶子温暖的问候;冬天的雪，亲切而温暖，给农作物带来了热情的关怀。,1
阅读：书籍就像一个梯子，引导我们进入知识的大厅。一本书就像一把钥匙，它可以帮助我们打开灵魂智慧的窗口。,0
理想：没有理想，生活就像沙漠，不生气;没有理想，生活就像夜晚，没有光明;没有理想，生活就像一个迷宫，没有方向。,1
10.无言以对：太阳无语，但散发出光芒;山无言以对，但他们表现出模棱两可;地球无语，但它显示了广博。青春无言以对，但充满活力;鲜花无言以对，但香气扑鼻;春雨无言以对，但却滋润着大地。,1
11.拥有：凭借知识，你拥有无限的光明和希望;有了知识，你就拥有无限的力量和财富。,0
12.赞美：你不是雨露，而是带来新的希望;你不是一个春天，而是带来生命的甜蜜;你不是太阳，而是带来世界的温暖。你就像一条溪流，没有河流和河流的波浪，没有壮丽的海浪，但岩石之间的点是你欢快的旋律。你就像一颗星星，没有太阳耀眼的光芒，没有迷人的月亮浪漫，但夜空中的光芒是你生命的闪光。你就像砾石，没有坚固的山脉，没有悠闲的溪流，但景观的重点是你的沉默奉献。,1
13.历史：历史是一幅画，时间是一种绚丽的色彩。历史是一座山，时间是一块巨石。历史是一棵大树，时间是茂密的树叶。历史是一条漫长的河流，时间是一股汹涌的浪潮。历史是一艘移动的船，时间是一个网。生命是一条河，岁月是一个枷锁。,1
14.幸福：幸福是“零落泥和尘，只有香”的圣洁。幸福是“饥饿，饥饿，和丈夫”的英雄。幸福是“世界充满忧虑和忧虑，世界幸福快乐”的思想。幸福就是“生命的失败，从来没有死过，并且已经占据了心脏的核心。”,1
15.时间：时间就像一个统治者，它可以衡量奋斗者的进步。时间就像一个平衡点，它可以衡量奋斗者结果的重量。时间就像皮革鞭子，它可以刺激我们追赶生活的目标。时间就像一个鼓，它可以激励我们加快进度的步伐。,1
16.选择：选择兄弟会是选择对情感的珍惜。选择兄弟会是选择所有事物的依恋。选择兄弟会是选择高生活的野心。,1
17.拥有：年轻人，你有一个别致和浪漫;与年轻人，你有一个辉煌和辉煌。,0
18.别致：“围栏下的菊花”是一种安静而别致，“超越悠闲散步”的一种喜悦，“明月歌”是一种别致。 “让酒邀请月亮”是一种孤独。 “仰望天空，大笑”是一种自信。 “我从十字刀中笑了起来”是一种无所畏惧的潇洒。 “留下残余的声音，倾听雨水”是一种宽容。 “一天看长安花”是一种自鸣得意。 “醉在沙田里，君莫笑”是一种大胆而别致的。,1
19.铭记：如果你忘记了春天消失的冰，那么请记住它是桃花，它燃烧着它的光彩;如果你忘记它是夏天的桃花瓣，那么请记住它是一朵看起来像红色花朵的莲花;如果你忘记了它是在秋天没有雨水覆盖的莲花，所以请记住，有一个金色的菊花和骄傲的霜。如果你忘记它在冬天比西风更稀薄的菊花，那么请记住它是敖雪的独立，依然芬芳的雪梅！,1
钱：钱可以买漂亮的眼镜，但你不能买明亮的眼睛。钱可以买高端笔，但不能买敏捷万斯。钱可以买一朵芬芳的玫瑰，但不能买真正的爱情。钱可以买到昂贵的篮球，但不能买到精湛的技能。钱可以买到准确的时计，但不能买时间。,1
21.也许：也许你不能拥有深蓝色的天空，但你可以制造流动的白云;也许你不能拥有茫茫大海，但你可以做一个安静的小溪，也许你不能拥有广阔的草原，但你可以坚持不懈。只要你充满自信，你就会感受到生命的意义。,1
22.赞美：你的微笑是世界上最和谐的春天。你的眼泪是世界上最珍贵的珍珠。你的皱纹是艰苦的岁月和霜冻的伤疤;你的肖像是勇敢和坚韧的象征;小心，让我们感受到长辈的爱;你的鼓励，让我们扬起斗争的风帆;你的深刻，让我们沐浴知识的阳光;你的奉献精神，让我欣赏老师的风格。,1
23.人们：人们喜欢秋天，喜欢她的秋天，喜欢她丰硕的成果。人们喜欢春天，爱她的山脉，爱她丰富多彩。人们喜欢夏天，喜欢夏天的雨，喜欢她明媚的阳光。人们喜欢冬天，喜欢她的雪，喜欢她的白皙。,1
感恩：如果爱是三月的春风，感恩就是草所揭示的新绿;如果爱情是初夏的白昼，感恩就是木材生长的浓密绿色;如果爱情是冬天的白雪，感恩就是全麦小麦。,1
爱情：爱情是一个甜蜜的春天，让不幸的人忘记生命的苦涩;爱是一首美丽的歌，让生活无聊的人感受到生活的乐趣;爱情是一个流动的春天，渴望渴望行人感受生命旅程的甜蜜;爱是一首美丽而美丽的歌，让孤独的人感受到生命的美;爱是一颗流淌在心中的泉源，让沉浸在痛苦中的人感受到世界的甜蜜;爱是一首在耳边回响的歌，让孤独的人感受到世界的温暖;爱是一种冲击冰门的泉水，使石头的心脏震惊;爱情是一座夜晚闪耀的灯塔，让失落的船只找到了海港;爱是一种在春天徘徊的小雨，让孤独和孤独的人享受灵魂的滋润;爱情是夏日清澈的春天，让炎热干燥的人们享受诗意的宁静;爱这是一个小雨伞，在一个下雨的夜晚支撑起来，以便漂泊在异国的人们能够从他们所爱的人那里得到庇护;爱情是一条飞过天空的彩虹，让满眼的人都可以看到世界的美丽;爱是一杯冰水顶，让高烧的人坐下来思考;爱情是你口中糖果的标题，让人们长久饮用甜蜜的生活品味。,1
26.朋友们：朋友们在快乐的日子里是吉他，为你们享受生活的乐趣;朋友们在悲伤的日子里迎着春风，轻轻地捡起你心中的云彩。在成功的道路上，朋友是一位好老师，并热切地引导你进入阳光区;朋友是沮丧失败的光明，默默地为你驱动灵魂的阴霾。,1
27.金钱：金钱可以买到美食，买不到食欲;钱可以买书，不能买知识;钱可以买药，买不到健康;钱可以买时尚，不能买美容;钱可以买个朋友，不能买友情。,1
28.理解：理解是一种和谐的春风，融化了人们心中凝结的冰;理解是一个温暖的太阳，消散在人们心中积累的云;理解是一场可以洗漱的春雨。人们心中的尘埃;理解是微风，可以消除人们心中积累的愤怒;理解是一滴水晶花蜜，可以滋养人们心灵的干燥土地。,1
29.普通：普通是荒地，孕育着崛起，只要你愿意开放;普通是土壤，孕育着收获，只要你愿意工作;平凡是涓涓细流，孕育着深沉，只要你愿意积累。,1
30.赞美：你就像一个班车，可以带我们穿越历史的长河;你就像一把钥匙，可以帮助我们打开失落的心锁;你就像一个明星，带领我们到一个阳光明媚的天堂。,1
阅读：爱读书是一种美德。阅读，使人们的思维活跃，聪明，聪明;阅读，让人心胸开阔，思想开明，清晰;读书，让人眼前一亮，心胸开阔;阅读，进入心灵插入翅膀，感情盛开的花蕾。,1
32.幸福：幸福是“接近秘密，害怕拖延回归”的关注;幸福是“春天种植一粒谷子，在秋天收获成千上万种子”的收获。幸福是“看到菊花以东的山脉，悠闲地看到南山”的闲暇;幸福是“轶事，欣赏和怀疑”的乐趣。幸福是“随着风慢慢入夜，事情安静而沉默”的奉献精神;幸福是“夜晚的声音，风和风的凄凉”。,1
33.憧憬：我也蹲下另一种生活状态，叫做 - 努力工作，在暴风雨中像海燕一样战斗，让雷鸣一闪而过。我还责备另一种生活，称为 - 紧张，紧张，就像一个人在夜晚的路上，当月份下降。我还生活在另一种生活状态，称为 - 奋进号，奋进就像一艘海上的帆船，让海浪吹拂。,B
34.关怀：关怀是一种眼睛，给学生一种无声的祝福;照顾是一件轻而易举的事，让学生身心舒畅;关怀是一场春雨，给学生一种心灵的滋养;关怀是一个问题，给学生春暖。,1
35.赞赏：赞赏不是一种单向的慈善机构。这是智慧与智慧的积极碰撞。欣赏不是别有用心的恭维。这是对相对价值的公平认可。欣赏不是一个口号的粗俗，而是一种固有的魅力的诚意。,1
36.自私：自私是一面镜子。在镜子里，你只能看到自己。自私是一块遮住眼睛的布，看不到别人的痛苦。自私是一层看起来透明但总是分开的玻璃。彼此之间的距离。,1
爱情：爱情是冬日的阳光，让穷人和病人感受到世界的温暖;爱情是一个出现在沙漠中的春天，让处于绝望边缘的人们能够再次看到生命的希望;爱是一体夜空中飘荡的歌曲使无灵魂孤独的人感受到灵魂的安慰。,1
38.幸福：两个袖子的微风是低人的幸福，生意是繁荣是商人的幸福，邪恶的惩罚是骑士的幸福，学习的质量是优秀的，幸福的是学生，善的幸福是善的幸福，秋收是农民的幸福。桃子和梅子的香味是老师的幸福。孩子和孙子是老人的幸福。食物和衣服是穷人的幸福。海和石头是情人的幸福。,1
39.青年：青春是一首歌，她移动我们年轻的心弦;青春是火，她点燃我们沸腾的血液;青春是一面旗帜，她召唤我们勇往直前;青春是一本书教科书，她启发了我们的智慧和心灵。,1
40.生活：生活是一杯酒，散发着迷人的醇香;生命是一本书，包含深刻的哲学;生命是一首歌，演奏不同高度的音符。生命是一首诗，充满了“大江东滔滔不绝”的骄傲。,1
41.心灵：灵魂是一片广阔的天空，它包含着世界上的一切;灵魂是一个安静的湖泊，偶尔它会爆发出涟漪;灵魂是一片巨大的雪原，它反映了一个多彩的世界。,1
42.书中有数千个千年。书中有一座金屋，书中有自己的颜汝玉。生活有自己的悲伤和喜悦，生活是自给自足的，生活是甜蜜而痛苦的。这本书有它自己的苦和甜。这本书有它自己的悲欢离合，这本书有它自己的悲欢离合。这本书是少年多彩的梦想;这本书有自己的中年简单的影子;这本书有自己的夕阳红。这本书有自己动人的家庭，这本书有着自己纯真的友谊，而且这本书有着自己真诚的感受。,1
生活就像一首诗，应该有更多悠扬的歌词，更少的苦涩叹息。生活就像一幅画，应该是更美丽的色彩，更少的灰色调。生活就像一首歌，应该有更高亢的歌声，少哀悼。如果生活就像是一盘棋，那么应该有更积极的攻击和更少的负面收缩。,1
44.在教科书上：春雨，像牛的头发，像针状的细丝，密密麻麻地编织而成。,0
漓江的水真的很安静。它让你觉得它不流动。漓江的水很清澈。你可以看到河底的砂岩。漓江的水真的很绿。看来它是一片绿色。无辜的玉。,1
1，你是一只精力充沛的公鸡，它唤醒了黎明的沉默;,B
2，在世界的东方，有一个古老的国家，美丽而广阔;,B
3，在妈祖庙的香火中，我们听到了“七子之歌”的歌声;,B
4，在黄河壶口的动荡中，我们听到了持久的激情;,B
5，多么鲜艳的红色，从这里尊重中国式的尊严;,B
6，你用汗水浇灌了这片肥沃的土地;,B
7，孩子有时候学会在晚上唱歌，有时候学习杜鹃，手臂砰地一声踩在树枝的路上，有时弯腰捡起锥体，还要用脚踢球。,1
8，为了让母亲不再失去儿子，,B
9，他有时会一丝不苟地勾勒出草图？金鱼的每一个部分都是精心绘制的，就像刺绣的女孩一样精致;有时速写？快速绘制金鱼的动态，就好像金鱼在纸上移动一样。,0
草地向外望去微笑;柳树伸出小手，迎接我们;鸟儿用清脆的声音来庆祝春天的到来，让春天成为我们新生活的一部分。,0
2，在春天，走在各种风格的脚步，背着无尽的绿叶，为无尽的绿色花朵尖叫，踩着无数的绿草，无论你走到哪里，一个袖子，魁梧的美国梧桐树就像一个一排拿出新绿长剑的士兵;在他们经过的地方，光滑的柳树看起来像一个舞者，到处都是华丽的绿色花裙;一挥手，嫩嫩的树苗像一群孩子一样吐出柔软的绿色舌头。让我们带着喜悦和喜悦，带来内心的激动，感受风，雨的柔软，享受春天的温柔，拥抱春天的芬芳，阅读春天的作者所描绘的文章！,B
3，春天在田间，草长出豆芽，叶子长出豆芽，大地是新的，溪流游来活泼，从此到大海，从海中回来;春天在这里一开始，它也在这里结束，从开始到结束;绿叶长出来，落下，开放......,0
春天是一个充满希望的季节;春天是一个充满活力的季节;春天是一个美丽而温暖的季节。很多东西都有春天的痕迹。事实上，找到弹簧并不难。只要你仔细了解它，你就能找到弹簧。因为春天在我们身边，在我们每个人的心中......,1
5，在这个春季，在树林里，在路上，在花园里，你可以看到春天的脚步。在树林里，各种树木都生长着绿色和绿色的叶子;在路边，绿草钻出土壤;在花园里，红色，黄色，蓝色，绿色，紫色，白色各种花朵都是开放的，色彩斑斓，真的像一个美丽的大花环，令人目不暇接。很多蝴蝶和蜜蜂闻到了花的味道，他们都来收集蜂蜜并在半空中飞来飞去。蝴蝶像公主一样跳舞，蜜蜂是与公主共舞的王子......,B
春天是一首摇摆我们心弦的歌;春天是一首讲述春天温暖的诗;春天是山水画，春天的魅力刻在我的心里。春天，我爱你！,1
听着！春天不是一首歌吗？她正在撼动我们弹跳的心弦！嘿!春天不是一本书吗？她正在点燃我们颤抖的手指！看！春天不是一幅画。她是否触摸我们模糊的眼睛！闻！春天不是一杯茶吗？她正拉着我们期待的鼻子！然后让我们的心跟随春天写的那一章！,1
春天的到来给了我希望，让我重燃我的斗志，再次面对生活，面对我面前的一切;春天的到来给了我一种新的感觉，让我呼吸着泥泞的气氛。我觉得一切都在增长;春天的到来给了我对火的热情，让我看到勇于面对艰难的生活，走上人生的道路，一步一步走;春天的到来，即使有风雨，雷电也会给人一种可喜的力量，让我明白，如果世界上没有这样的东西，世界会变得多么低落。,1
9，我喜欢春天，像春天的万物复苏，像春天的希望，像春天的春天，像春天的绿色，和生命的春天。,1
10.春天在哪里？风告诉我春天在温暖的春风中。春风如同一只看不见的蜡笔，穿着一棵树的桃花，像一个小女孩的粉红色的脸;描绘柳树像绿丝带;染成无数梨花如雪花它像整个田地一样美丽和美丽。随着春天到处的味道，春天的风格。,B
我不知不觉地骑着郊区。啊，这里是最美丽的，这里是最美丽的春天风景：在蓝天下，无尽的田野是绿色和油腻的，似乎你永远不会看到尽头;抬头望去，可爱的白云映照着天空。美丽;在远处和远处，会不时有一朵迷人的小花，很可爱。,0
13.我终于明白为什么春天的颜色如此丰富：春天女孩手中的彩色铅笔正在挥舞着;幼稚的孩子穿着无辜;被人忽视的草是默默繁殖的。喜欢春天快乐的人，你对春天的颜色有什么贡献？,0
我渴望春天，因为这是我们的战利品突破了冬天;我渴望春天，因为这是一个充满美感的季节;我渴望春天，因为我们会在那里找到更高的梦想。,1
15.反映这美丽的风景，春天的事物，我在学校看到一个教室，伴着这个美丽的春天，小学生在课堂上专心阅读;初中生在课堂上认真写作;高中生在课堂上孜孜不倦地认可;大学生正在教室里悄悄学习;我想，我们也是这个美丽的春天，永不消亡的春天 - 祖国美丽的春天！,1
春天来了，一切都复活了;在夏天，太阳就像火;在秋天，它是富有成效的;在冬天，它是下雪的。每个季节都有自己独特的美丽，我只是被春天的美丽所陶醉。,1
你看，喷泉旁边的金色耀眼的黄疸是如此美丽！有成千上万的手势，一些开放的微笑，抬头仰望蓝天，好像他们为春天的美丽而高兴;一些鲜花像小喇叭一样完全打开，好像在播放一首动人的春歌;有些藏在树枝下，像一个害羞的女孩;还有一朵花，就像一个小黄灯笼。喇叭正在演奏，女孩在跳舞，灯光闪闪发光，就像乐队正在唱着这个色彩缤纷的春天。,1
18，春天是一种温柔的风，一种温暖而明亮的阳光;春天是鸟儿的声音，碎片是令人陶醉的花香;春天是绿草尖上的露珠，红色的花朵上有一抹春天的颜色;春天是种子爆发时拱的力量，当关节嘶嘶作响时树的节奏;春天是一个透明而纯洁的梦，一首炙热的歌，一首充满灵感的诗;春天是孩子脸上的天真邪恶，女孩的脸颊美丽而害羞;春天是我们用汗水，辛勤工作和智慧种植的希望，梦想和理想的一瞥。,1
19，看！窗外的世界，随着你的到来，以及更多的活力，增加了一些颜色。听着，窗外有一只鸟的清脆的推文;气味，空气中的新鲜空气清新;触摸，芽从树枝上偷偷摸摸，长出一根修长的头发;看来，长途跋涉早已存在“为温暖的树木做几个早期的争斗，谁是新艳颜春慕”的活力。嗯！春天，它真的来了......,0
20，春天很漂亮，可以穿花裙;春天很美，春天在花丛中，与蝴蝶共舞。春天是美丽的，它是花的美丽;春天有歌声，是鸟儿的歌声;春天有舞蹈，有蝴蝶的舞蹈;春天里有笑声，这是人们的笑声。最后，我眼中的春天充满了活力。,1
朋友是一条小溪，沉默而且不可或缺。朋友是大海，河流充满了河流，你包含了所有的情感。朋友是一座山。当你处于困境中时，你就有了立足点。,1
2，成熟的稻穗点头低，即教我们保持谦虚;在花丛中忙碌的蜜蜂，正在教我们努力工作;迷人的花朵在晚上开放，教我们不要宣传;绽放的腊梅以雪为荣，它教会我们顽强;温柔的水滴可以通过岩石滴落，这教会我们坚韧。,1
3，朋友不会嘲笑你的笑容，朋友不会欺骗你的情绪，朋友不会扰乱你的节拍，朋友不会纵容你的错。,1
如果生命是涓涓细流，那么挫折就是水中岩石阻挡行进方向的方向;如果生命是一片飞云，挫折就是狂风，吹着虚弱的信仰;如果生命是滔滔的河流，挫折是流向河流的瀑布，击中伤痕累累的身体;如果生命是蓝色的海洋，挫折就是蹂躏大海的风暴，卷起了生命中最美丽的风暴。,1
5，书中有自己的千粟，书中有自己的金屋，书中有自己的颜茹玉。生活有自己的悲伤和喜悦，生活是自给自足的，生活是甜蜜而痛苦的。这本书有它自己的苦，甜和甜。这本书有它自己的悲欢离合，这本书有它自己的悲欢离合。这本书是少年多彩的梦想;这本书有自己的中年简单的影子;这本书有自己的夕阳红。这本书有自己动人的家庭，这本书有着自己纯真的友谊，而且这本书有着自己真诚的感受。,1
6，风走过水面，留下涟漪;骆驼穿过沙漠，留下了深深的痕迹;哨子鸽从天而降，留下一串韵;岁月流过树林，留下一圈年轮。啊，我的朋友，我们走过了时代的舞台，将留给社会什么？鲜花漫步在春天，留下一朵芬芳的花朵;夏天经过的树叶，留下了一片阴影;风吹过秋天，留下一阵金浪;雪走过了冬天，留下了各种希望。啊，我的朋友，我们已经走过了生命中的四个季节，将会终身留下什么？,1
7.理解是一种和谐的春风，可以融化凝结在人们心中的冰;在这个时候，理解是一种温暖的阳光，可以驱散积聚在人们心中的乌云;理解是一场可以洗摔的春雨。人们心中的灰尘;理解是一种温和的微风，可以消除人们心中积累的愤怒;理解是一滴水晶花蜜，滋养着人们心中干涸的土地。,1
8，学会倾听，让更多的人知道世界的声音如此美丽;学会倾听，让自己得到更多人的尊重;学会倾听，让更多需要爱的人能够释放他们心中的痛苦，让他们得到更多人的爱，让他们不再感到孤独和悲伤。,1
9.如果你是大海，为什么要关心别人告诉你要成为一条小溪;如果你是一个巅峰，为什么要关心别人把你视为平坦的土地;如果你是春天，为什么感叹花朵的褪色;如果你是种子为什么还要担心水果呢？如果你是你，那么静静地，默默地微笑。,1
10.听力是一种享受;听是一种收获;听是一种分享;听更有趣。学会倾听并享受我的幸福生活。,1
11.让倾听的过程变得愉快;让倾听的过程沉浸在我们的心中;在这个时候让倾听成为人与人之间的纽带。让我们用心倾听世界！,1
12，两个袖子的微风是廉价的幸福，生意兴隆是商人的幸福，此时惩罚邪恶是骑士的幸福，学习的质量是优秀学生的幸福，帮助穷人是幸福好人，春收是农民的幸福。,1
这不是春天的微风，而是喧嚣的北风;它不是温暖的春天，而是寒冷的冬天。它不是滋润它的水晶花蜜，而是冷却的霜;它的美丽不是厚厚的绿色，而是寒冷的雪。,1
15.自私是一面镜子。在镜子里，你只能看到自己。自私是一块遮住眼睛的布，看不到别人的痛苦。自私是一层看起来透明但总是相互分离的玻璃。,1
16，太阳是无语，但散发出光芒，山无言以对，却反映出模糊性;蓝天无言以对，但显得高涨;地球是无语的，但它显示了广博;鲜花无言以对，但香气扑鼻;青年人说不出话来，却散发着勃勃生机。,1
17.从秋天的落叶中，我们读到了季节的变化;从贵阳的行列来看，我们读到了集体力量;从冰雪的融化中，我们读到了春天的脚步;来自石头在滴水中，我们读到了坚持的宝贵;从蜂蜜的香气中，我们读到了勤劳的甜蜜。,1
18，种子，如果你害怕埋葬，那它就永远不会发芽;鲜花，如果你害怕褪色，它就永远不会开放;矿石，如果你害怕燃烧，它永远不会是钢铁;蜡烛，如果你害怕燃烧，那么它将永远无法发光;如果你害怕风浪，就永远无法到达另一边。,1
19.种子可以在土壤中无声地腐烂，或长成一棵参天大树;一块铀可以以平庸的方式睡在石头上，它也可以产生惊天动地的力量;你可以在这个世界上过你的生活，你可以让你的生活光彩照人。,1
20，朋友是一本书，一本你永远无法读完的书;朋友是一个港口，一个允许你的思想休息的港口;朋友们是一堆阳光，一堆可以让你的生活充满温暖的阳光。,1
21，因为我渴望理想，所以我渴望遭遇挫折。我渴望崎岖的山路让我的脚坚挺。在这个时候，我渴望突然的山峰让我的心变得坚强。我渴望尖锐的荆棘让我的身体变得灵活。我渴望风吹我的骨头，渴望雨水滋润我的身体，渴望海浪冲刷我的灵魂，渴望石头磨练我的意志......,1
朋友是一条小溪，沉默而且不可或缺。朋友是大海，河流充满了河流，你包含了所有的情感。朋友是一座山。当你处于困境中时，你有一个立足点。,B
2，成熟的稻穗点头低，即教我们保持谦虚;在花丛中忙碌的蜜蜂，正在教我们努力工作;迷人的花朵在晚上开放，教我们不要宣传;绽放Lamei以雪为荣，它教会我们顽强;温柔的水滴可以通过岩石滴落，这教会我们坚韧。,B
3，朋友不会嘲笑你的笑容，朋友不会欺骗你的情绪，朋友不会扰乱你的节拍，朋友不会纵容你的错。,B
如果生命是涓涓细流，那么挫折就是水中岩石阻挡行进方向的方向;如果生命是一片飞云，挫折就是狂风，吹着虚弱的信仰;如果生命是滔滔的河流，挫折是流向河流的瀑布，击中伤痕累累的身体;如果生命是蓝色的海洋，挫折就是蹂躏大海的风暴，卷起了生命中最美丽的风暴。,B
5，书中有自己的千粟，书中有自己的金屋，书中有自己的颜茹玉。生活有自己的悲伤和喜悦，生活是自给自足的，生活是甜蜜而痛苦的。这本书有它自己的苦，甜和甜。这本书有它自己的悲欢离合，这本书有它自己的悲欢离合。这本书是少年多彩的梦想;这本书有自己的中年简单的影子;这本书有自己的夕阳红。这本书有自己动人的家庭，这本书有着自己纯真的友谊，而且这本书有着自己真诚的感受。,B
6，风走过水面，留下涟漪;骆驼穿过沙漠，留下了深深的痕迹;哨子鸽从天而降，留下一串韵;岁月流过树林，留下Circle年轮。啊，我的朋友，我们走过了时代的舞台，将留给社会什么？鲜花漫步在春天，留下一朵芬芳的花朵;夏天经过的树叶，留下了一片阴影;风吹过秋天，留下一阵金浪;雪走过了冬天，留下了各种希望。啊，我的朋友，我们已经走过了生命中的四个季节，将会终身留下什么？,B
7.理解是一种和谐的春风，可以融化凝结在人们心中的冰;在这个时候，理解是一种温暖的阳光，可以驱散积聚在人们心中的乌云;理解是一场可以洗摔的春雨。人们心中的灰尘;理解是一种温和的微风，可以消除人们心中积累的愤怒;理解是一滴水晶花蜜，滋养着人们心中干涸的土地。,B
8，学会倾听，让更多的人知道世界的声音如此美丽;学会倾听，让自己得到更多人的尊重;学会倾听，让更多需要爱的人能够释放他们心中的痛苦，让他们得到更多人的爱，让他们不再感到孤独和悲伤。,B
9.如果你是大海，为什么要关心别人告诉你要成为一条小溪;如果你是一个巅峰，为什么要关心别人把你视为平坦的土地;如果你是春天，为什么感叹花朵的褪色;如果你是种子为什么还要担心水果呢？如果你是你，那么静静地，默默地微笑。,B
10.听力是一种享受;听是一种收获;听是一种分享;听更有趣。学会倾听并享受我的幸福生活。,B
11.让倾听的过程变得愉快;让倾听的过程沉浸在我们的心中;在这个时候让倾听成为人与人之间的纽带。让我们用心倾听世界！,B
12，两个袖子的微风是廉价的幸福，生意兴隆是商人的幸福，此时惩罚邪恶是骑士的幸福，学习的质量是优秀学生的幸福，帮助穷人是幸福好人，春收是农民的幸福。,B
这不是春天的微风，而是喧嚣的北风;它不是温暖的春天，而是寒冷的冬天。它不是滋润它的水晶花蜜，而是冷却的霜;它的美丽不是厚厚的绿色，而是寒冷的雪。,B
15.自私是一面镜子。在镜子里，你只能看到自己。自私是一块遮住眼睛的布，看不到别人的痛苦。自私是一层看起来透明但总是相互分离的玻璃。距离。,B
16，太阳是无语，但散发出光芒，山无言以对，却反映出模糊性;蓝天无言以对，但显得高涨;地球是无语的，但它显示了广博;鲜花无言以对，但香气扑鼻;青年人说不出话来，却散发着勃勃生机。,B
17.从秋天的落叶中，我们读到了季节的变化;从贵阳的行列来看，我们读到了集体力量;从冰雪的融化中，我们读到了春天的脚步;来自石头在滴水中，我们读到了坚持的宝贵;从蜂蜜的香气中，我们读到了勤劳的甜蜜。,B
18，种子，如果你害怕埋葬，那它就永远不会发芽;鲜花，如果你害怕褪色，它就永远不会开放;矿石，如果你害怕燃烧，它永远不会是钢铁;蜡烛，如果你害怕燃烧，那么它将永远无法发光;如果你害怕风浪，就永远无法到达另一边。,B
19.种子可以在土壤中无声地腐烂，或长成一棵参天大树;一块铀可以以平庸的方式睡在石头上，它也可以产生惊天动地的力量;你可以在这个世界上过你的生活，你可以让你的生活光彩照人。,B
20，朋友是一本书，一本你永远无法读完的书;朋友是一个港口，一个允许你的思想休息的港口;朋友们是一堆阳光，一堆可以让你的生活充满温暖的阳光。,B
21，因为我渴望理想，所以我渴望遭遇挫折。我渴望崎岖的山路让我的脚坚挺。在这个时候，我渴望突然的山峰让我的心变得坚强。我渴望尖锐的荆棘让我的身体变得灵活。我渴望风吹我的骨头，渴望雨水滋润我的身体，渴望海浪冲刷我的灵魂，渴望石头磨练我的意志......,B
22，朋友是吉他在快乐的日子里，为你发挥生活的乐趣;在悲伤的日子里，朋友们是一阵春风，轻轻地舔着你心中的云彩;朋友是成功之路的好老师，热情会引领你走向阳光;朋友是沮丧失败的光明，默默地为你驱动灵魂的阴霾。,1
23，痛苦是在黑暗中摸索，前方的道路充满了颠簸;痛苦是没有人理解的悲伤，无助于面对所有的挫折;痛苦是灵魂最深的折磨，没有眼泪，不能说话;痛苦是天生就没有表达是困难的恶魔。,1
24，朋友是站在湖边的白塔??。这位朋友是老舍笔下的骆驼祥子。这位朋友是冯小刚电影中的德化。这位朋友是鲁迅记忆中的地球。这位朋友是松花江的花朵。朋友云是不可预测的，但在天空中是一致的。朋友是一碗热气腾腾的龙，朋友是与你共存的真正的人！,1
25，角落里的花朵，当你独处时，世界很小。井底的青蛙，当你自己唱歌时，视野狭窄;笼子里的鸟儿，当你安全地支持时，自由就消失了。石头在山上！当你靠在山峰上时，意志强烈;水是平的！当你追随潮流时，基础已经消失。鸟儿在空中！当你在蔚蓝的天空中展开翅膀时，宇宙会很大;野鹅！当你离开团队时，危险很大。地下煤！在你自己燃烧之后，贡献很大。,1
26，愚蠢是一种天然的无奈，是一种懒惰的余晖，是一种自己种植的果实，是果实中的好蚜虫。,1
27，谎言是灵魂的蝗虫，人的心灵是无法辨认的;谎言是一个深深的泥潭，人们深深陷入困境;谎言是一个无尽的黑洞，让人们陷入罪恶的深渊不再是灾难。,1
28，小溪是勇敢的，它不怕山脉和山脉的障碍，不怕脚下崎岖的道路，勇敢前行。这棵大树很坚固，它不怕暴风雨，害怕寒冷和炎热，而且站得很高。灯塔无所畏惧。它不怕无边无际的黑暗。它不怕多年和光明的寂寞。,1
29，当你愿意面对挫折时，立刻的救济将让你意识到挫折只是一个动人的成长期。一首优雅的音乐，如果它只是平淡无奇，摇曳就没有意义，怎么会有一种感人的效果;一部有趣的小说，如果只有一种普通的风格，就没有高潮的发展，会有一种抓狂的感觉;一个动人的爱，如果它只是一个合乎逻辑的发展，它怎么会令人难忘......,1
30.倾听是灵魂之花。听力可以反映出纯洁而充满激情的光芒。听是轻而易举的，它可以吹走笼罩在人们脑海中的阴霾;聆听是一个突破黑夜的流星，可以给人们带来希望;听是一种不败的花，它可以绽放生命的核心，以换取人们的欣赏和信任。,1
如果你是一棵大树，把它撒在阴凉处;如果你是一个清澈的春天，你将滋润一片土地;如果你是草，加一点绿色;如果你是一朵花，只需修饰夜空的一角;如果你是一片白云，打扮一片晴朗的天空;如果你是一个蜜蜂，做一个甜蜜的;如果你是一缕阳光，照亮了所有的黑暗;如果你是轻而易举的话，吹嘘世界的尘埃;如果你是一阵春风，吹绿田作物;如果你是一个成年人，给予爱。,1
你不是雨露，但带来了新的希望;你不是一个春天，而是带来生命的甜蜜;你不是太阳，而是给世界带来温暖;你就像一条小溪，没有河流，没有波浪，没有大海的壮丽波浪，但岩石之间的点是你欢快的旋律;你就像星星，没有耀眼的阳光，没有月亮的迷人浪漫，但夜空中的光芒是你生命的价值所在。闪烁;你就像砾石，没有坚固的山脉，没有悠闲的溪流，但景观的重点是你的沉默奉献。,1
33.什么是生活？不同的人有不同的意见。有人说生活就像葡萄酒。童年就像鸡尾酒，色彩缤纷，甜美而有品味;青春就像冰冷的啤酒，颜色深沉，同时又凉又苦;中年人就像一个精神，纯净无色，辛辣的味道使你的内脏会变热;晚年就像葡萄酒，持久的香味，滴水让你感受到香气的甜美。,1
34，钱可以买菜，买不到胃口;钱可以买书，不能买知识;钱可以买药，买不到健康;钱可以买时尚，买不到漂亮;钱可以买朋友，不能买友谊。钱可以买漂亮的眼镜，但不能买明亮的眼睛。钱可以买高端笔，但不能买敏捷万斯。钱可以买一朵芬芳的玫瑰，但不能买真正的爱情。钱可以买到昂贵的篮球，但不能买到精湛的技能。钱可以买到准确的时计，但不能买时间。,1
35，好的思维可以“从没有文字的词语中读取”。读沙漠，读出它开放和无拘无束的思想;阅读太阳，阅读万物的无私;读着春雨，读着它无声的温柔;阅读大海，阅读其华丽的骄傲;阅读石灰并阅读破碎骨头的纯真。,1
36，阴险，是一只穿着羊皮的狼，做着看不到阳光的工作;阴险的是一个好的公敌，是罪恶的朋友;阴险是灵魂的冰山，让人们感受到清澈的寒意。,1
37，只学会倾听，你才会懂得尊重他人;只学会倾听，你将获得更多的哲学和经典语言;只学会倾听，你才能有一颗积极的心;只学会听，你可以感受到任何一种声音都会让人有无限的想象力。,1
38，人们爱春天，爱她的山脉和绿色，爱她丰富多彩;人们爱秋天，爱她的秋天，爱她的果实;人们爱夏天，爱她夏天的雨，爱她阳光灿烂;人们喜欢冬天，爱她的雪，爱她的白人和无辜。,1
由于暴力袭击，海洋显示出其顽强的生命力。它将风变成一朵朵喷雾，为人们带来美感。由于受到风暴的洗礼，苍鹰表现出了坚强的毅力。它将风暴转化为与风雨作斗争的翅膀，带来了自己的英雄态度;生活因为失败和挫折而真正地解释了它的意义。为什么我们不能将失败和挫折转化为我们进步的动力并展现自己的人生道路？,1
一条倾斜的小路，曲折将永远唤起对心灵的渴望;一阵巨大的波浪，当潮水起伏时，它可以堆起惊心动魄的声音;一个故事，遗憾肝脏和肠子的悲伤一种生活，中国的起伏是令人震惊和坚固的。,1
2.生命是什么？不同的人有不同的意见。有人说生活就像葡萄酒。童年就像鸡尾酒，色彩缤纷，甜美而有品味;青春就像冰冷的啤酒，颜色深沉，同时又凉又苦;中年人就像一个精神，纯净无色，辛辣的味道使你的内脏会变热;晚年就像葡萄酒，持久的香味，滴水让你感受到香气的甜美。,B
3，书中有自己的千粟，书中有自己的金屋，书中有自己的颜茹玉。这本书有它自己的苦，甜和甜。这本书有它自己的悲欢离合，这本书有它自己的悲欢离合。在书中，年轻人的梦想是多彩的;这本书有自己的中年简单的影子;这本书有自己的夕阳红。这本书有自己动人的家庭，这本书有着自己纯真的友谊，而且这本书有着自己真诚的感受。,B
4，春蚕死了，但留下了奢华的丝绸;蝴蝶死了，但留下漂亮的衣服;画眉飞走了，但留下了一首美妙的歌;花朵褪色，但香气扑鼻;蜡烛烧光，但留下了明亮的光线;雷雨过去了，但留下了五彩缤纷的霓虹灯。,1
5，生命是盛开的花朵，绽放美丽，绵延，丰富而美丽;生命是一首美丽的小诗，清新流畅，持久的意义;生活是一段美妙的音乐，和谐的气质，悠扬;生命是一条流淌的河流，奔跑，向前滚动。,1
6，种子，可以在土壤中无声腐烂，也可以长成参天大树。一块铀可以以平庸的方式睡在石头上，它也可以产生惊天动地的力量。一个人可以在世界上做得很好，也可以让人们发光。,1
痛苦是在黑暗中摸索。前面的道路充满了颠簸;痛苦是没有人理解的悲伤，无助于面对所有的挫折;痛苦是灵魂最深刻的折磨，没有眼泪，也没有生硬的话语;痛苦是天生就没有表达是困难的恶魔。,1
青春是一种用意志的血液和辛勤工作的汗水制成的糖浆。它是一种持久的香味;青春是一条充满希望和永生的彩虹，它不会死亡美丽而辉煌;青春是永恒的依恋和坚固而坚韧的铜墙建筑。,1
9.诚实就是孩子在警察叔叔手中捡到的一分钱的微笑。这是年轻先锋眼中的闪光。诚信是焦裕禄推开柴门人的春风。孔繁森把西藏母亲的旧霜脚砸在怀里，这是一种深刻的感觉。诚信是建国领导人的号召，面对新中国的新曙光，“中国人民从这里站起来了”。诚信是继续向西方开放以“让中国实现伟大复兴”的领导者的决定。,B
10.建筑物高大，因为有强大的支柱，理想和信仰是建设生活的支柱;由于罗盘指示方向，船正在打破波浪，理想和信念是救生船的指南针;火车正在运行数千英里，因为有铁路轨道可以引导它，理想和信念是生命线上的轨道。,1
11.如果你忘记了在春天消失的冰，那么请记住，正是桃花灼烧了它的光彩;如果你忘记它是夏天的桃花瓣，那么请记住它是一朵反映白天红色的莲花;如果你忘了它在秋天没有被雨水覆盖的莲花，那么请记住，有一朵金色的菊花，带着骄傲的霜。如果你忘记它在冬天比西风更稀薄的菊花，那么请记住它是敖雪的独立，依然芬芳的雪梅！,1
12.在一条满是鲜花的小路上，一群年轻而热切的年轻人追逐和玩耍是快乐的;在一片满是黄叶的公园里，一对走在一起的银发夫妇也很开心。在宽敞明亮的教室里，学习无辜和可爱的学生是一种幸福的生活。在广阔而肥沃的土地上，一群勤劳而简单的农民的辛勤工作也令人高兴。,1
13.让我们都做花卉生意，把鲜花传递给别人;让我们都做叶子生意，把鲜花放在身上;让我们都做根本原因，把营养物质送到叶子和花朵;让我们所有人都做太阳的事业，给每个人一个温暖，让我们所有人做地球的事业，并培育成千上万的鲜花。,1
14，坚持不懈，是一千里路堤，一块沙子和一石凝，一点点积累，只有在头部没有看到头部结束后才华丽;坚持不懈，是春天的桑蚕丝绸和丝绸，周围有一丝坚持，只有打破光的荣耀才是船的荣耀;坚持不懈是航行之船的风帆。随着帆，船可以达到成功的另一面。,1
15.阴险的，是一只披着羊皮的狼，做着看不见天空的工作;阴险的是一个好的公敌，是罪恶的朋友;阴险是灵魂的冰山，让人们感受到清澈的寒意。,1
心灵是一片广阔的天空。它拥抱世界上的一切。头脑是一个安静的湖泊，偶尔它会爆裂成波纹;灵魂是一片巨大的雪原，它反映了一个多彩的世界。,1
17.当一个人怀疑自己时，他忘记了建立自信是一种习惯;当一个人度过他的日子时，他会忘记读一本好书是一种习惯;当一个人感到悲观和失望时，他会忘记建立自信是一种习惯;当一个人充满野心时，他会忘记谦卑是一种习惯;当一个人被背叛时，他忘记了诚实和可信赖是一种习惯。,1
18，关怀是一种表情，给学生一种无声的祝福;照顾是一件轻而易举的事，让学生身心舒畅;关怀是一场春雨，给学生营养的心脏;关怀是一个问题，给学生春天的温暖。,1
19.历史是一幅画，时间是绚丽的色彩。历史是一座山，时间是一块巨石。历史是一棵大树，时间是茂密的树叶。历史是一条漫长的河流，时间是一股汹涌的浪潮。历史是一艘移动的船，时间是一个网。生命是一条河，岁月是一个枷锁。,1
20，钱可以买漂亮的眼镜，但不能买明亮的眼睛。钱可以买高端笔，但不能买敏捷万斯。钱可以买一朵芬芳的玫瑰，但不能买真正的爱情。钱可以买到昂贵的篮球，但不能买到精湛的技能。钱可以买到准确的时计，但不能买时间。,1
21.如果友谊是一棵常青树，那么它必定是心灵的明确之泉;如果友谊是一朵不败的花，那么它必定是从心中升起的太阳。友谊引发了多少笑声，友谊中流下了多少眼泪。友谊的港湾温暖而温柔，友谊的微风充满了风帆。友谊不是一种情感投资，它不需要红利和红利。,1
22，自私是一面镜子，镜子总是看到自己;自私是一块布，蒙着眼睛蒙住自己的眼睛，看不到别人的痛苦;自私是一层玻璃，看起来透明，但总是彼此分开距离。,1
24，爱是阳光照耀的冬天，穷人和病人都感受到世界的温暖;爱情是一种出现在沙漠中的泉水，让处于绝望边缘的人们能够再次看到生命的希望;爱是一种漂移夜空中的歌曲给没有灵魂的人带来无灵魂的安慰。,
25.幸福是“秘密紧张，恐惧被推迟”的关注。幸福是“春天种植一粒谷子，在秋天收获成千上万种子”的收获。幸福是“看到菊花以东的山脉，悠闲地看到南山”的闲暇;幸福是“轶事，欣赏和怀疑”的乐趣。,
26，静物是凝固的美，运动是流动的美;直线是光滑的美，曲线是美的扭曲;嘈杂的城市是繁华的美丽，宁静的村庄是优雅的美丽。生活中到处都有美，只要你有一双美丽的眼睛，就有一种美的感觉。,
27，聪明人学习，就像老鹰在天空中战斗，仰望无尽的土地;愚蠢的人学习，漫无目的，像无头飞蛾飞乱;勤劳的人们学习，就像弯曲的河流，虽然有曲折，但最终会流入大海;懒惰的人学习，就像水中的木头一样，抵抗力越大，撤退的速度就越快。,
28，李子：迎接它不是春风，而是北风;它不是一个温暖的春天，而是一个寒冷的冬天。它不是滋养它的水晶花蜜，而是令人发冷的霜。引发它美丽的美丽不是厚厚的绿色，而是冷白色的雪。在花坛里，它没有打开;在雪和雪中，它正在绽放;在寒风中，它绽放。在三月的春天，我看不到它;在寒冷的冬天，它是一股强大的力量。,
29，只有出发，才会达到理想和目的地;只有努力，才会有辉煌的成功;只种植，才会有收获;只有追求，才会品尝到正直的人。,
30.母爱是山水画，洗去铅雕，留下清新自然;母爱如同一首深情的歌，圆润悠扬，蔑视和歌唱;母爱是一阵风，吹着雪，春天是无限的。,
在经历了失败和挫折之后，我学会了坚韧;当我被误解和冤枉时，我学会了宽容;在经历了失落和离别之后，我学会了珍惜。,
只要你愿意开放，普通就是荒地，孕育着崛起;普通是土壤，孕育着收获，只要你愿意工作;平凡是涓涓细流，孕育着深沉，只要你愿意积累。,
黄土高原是我站起来的胸膛;黄河水是我沸腾的血;黄帝陵是我古老的神秘之处;黄海潮是我热情的心;黄山劲松是我不屈的中坚力量;黄埔这座桥是我展开的手臂;大兴安岭是我的坚韧肋骨;洞庭是明亮的眼睛;喜马拉雅山是我的头脑;长城是我不屈的中坚力量。,
生活就像一首诗。应该有更多悠扬的歌词和更少的苦涩叹息。生活就像一幅画，应该是更美丽的色彩，更少的灰色调。生活就像一首歌，应该有更高亢的歌声，少哀悼。如果生活就像是一盘棋，那么应该有更积极的攻击和更少的负面收缩。,
35，小溪很勇敢，它不怕山岭的障碍，不怕脚下崎岖的道路，勇敢前行;树很结实，它不怕暴风雨，怕寒冷，夏天的炎热，高高的;灯塔无所畏惧。它不怕无边无际的黑暗。它不怕多年和光明的寂寞。,
36，美丽是平凡的，普通的你无法感受到她的存在;美是平淡无奇的，只留下温暖的回忆;美丽而平静，平静只有你必须努力工作才能激起她的涟漪。,
37，爱读书，是一种美德。阅读，使人们的思维活跃，聪明，聪明;阅读，让人心胸开阔，思想开明，清晰;读书，让人眼前一亮，心胸开阔;阅读，进入心灵插入翅膀，感情盛开的花蕾。,
38，河水奔波，忏悔是自己的涟漪;树木以雪为荣，高大挺拔是他们无边的绿色;山脉起伏不定，显示出强壮的身体。草原距离千里之遥，这是一个广阔的思想。人类大坝建在河上，显示出自己的英雄气概。,
信仰是建筑的支柱。没有它，它只是一堆散落的砖块;信仰是大江的河床。没有它，只有大量的波浪;信仰是熊熊烈火的奇异之处。没有它，只有一个冰冷的木柴手柄;信仰是海洋巨型船的东道主。没有它，只有一个巨大的巨型框架。,
40. Missing是一首让你平日阅读节奏的诗;在无聊的日子里淋浴让你湿透;这个想法是太阳，你阴沉的日子将是清晰的。,
41.青年是一个令人羡慕的首都。拥有强壮的身体，你可以支持蓝天;凭着顽强的毅力，你可以爬上一座高山。拥有旺盛的能量，你可以开辟肥沃的土地;凭借超人的智慧，你可以画出一幅美丽的画面。热情洋溢，您可以游过大海;乐观地说，你可以穿过棘手的刺。无尽的好奇心，您可以探索一侧的神奇土地。,
随着年轻人，你有一个别致和浪漫;与年轻人，你有一个辉煌和辉煌。有了知识，你就拥有无限的光明和希望;有了知识，你就拥有无限的力量和财富。有了友谊，你就有了理解和支持;有了友谊，你就拥有了快乐和温暖。通过网络，您拥有了世界和梦想！,
43.“菊花下的菊花”是一种安静而别致的东西。 “这就像一个悠闲的散步”是一种喜悦，“明月歌”是一种别致。 “让酒邀请月亮”是一种孤独。 “仰望天空，大笑”是一种自信。 “我从十字刀中笑了起来”是一种无所畏惧的潇洒。 “留下残余的声音，倾听雨水”是一种宽容。 “一天看长安花”是一种自鸣得意。 “醉在沙田里，君莫笑”是一种大胆而别致的。,
春雨细腻而温柔，漂亮的衣服被放在山上;夏天的雷声快速而凶悍，鼓声终生受到热烈的打击;秋天的风很凉爽舒适，向落叶发出温暖的问候;冬天的雪是温和的，给农作物带来了热情的关怀。,
45.世界上的事物通常分为两部分。虽然失败是每个人都不想要的结果，但有时它可以激发坚持不懈的毅力;虽然贫穷是每个人都不想生活的生活，但有时它却成为人们奋斗的动力;虽然痛苦是每个人都不情愿的情绪，但有时他们会创造一个强烈的个性;因此，我们都需要使用辩证的观点来看问题。,
请保持一个简单的，以便你可以与他人更友好，更少疯狂的灵魂麻木;请保持简单，这样你就可以在生活中获得更多的快乐，减少精神衰老和疲惫;请保持一个简单，以便你有更多的力量前进，更少假装深，看到红尘。,
只有当我们愿意打开心中的窗户时，我们才能看到灵魂的宝藏;只有我们愿意在心里打开窗户，我们才能看到门外清晰的风景;只有我们愿意打开心灵的窗户，人类的世界花木，树木和灯光才会绽放在窗户里;只有我们愿意敞开心扉，我们才能勇敢地走出去，一步一步走向光明。,
朋友在快乐的日子里是吉他，为你享受生活的乐趣;在悲伤的一天，朋友是一阵春风，轻轻地捡起你心中的云彩。朋友是成功之路上的好老师，热情地引领你走向阳光;在沮丧的失败中，朋友是一盏明亮的光芒，默默地为你驱动灵魂的阴霾。,
49，书是关键，可以打开智慧之门;这本书是阶梯，帮助人们攀登理想的高峰;这本书是一种很好的药，可以治愈对疾病的无知;这本书是牛奶，培养人们成长;这本书是你最好的伴侣，与你共度美好时光。,
50，钱可以买菜，买不到胃口;钱可以买书，不能买知识;钱可以买药，买不到健康;钱可以买时尚，买不到漂亮;钱可以买朋友，不能买友谊。,
51.选择兄弟会是选择对情感的珍惜;选择兄弟会是选择对所有事物的依恋;选择兄弟会是选择高层次的人生抱负。,
52，理想是一个统治者，测量一个人的视觉长度;追求是一种规模，权衡一个人灵魂的重量。生活是一杯酒，生活的味道是酸和苦;事业是一面镜子，根据人生价值的大小;友谊是一个瀑布，迸发出诚意的火花;信任是太阳，消除了怀疑的迷雾。,
你的笑容是世界上最和谐的春天。你的眼泪是世界上最珍贵的珍珠。你的皱纹是艰苦的岁月和霜冻的伤疤;你的肖像是勇敢和坚韧的象征;你的关心让我们都感受到长辈的爱;你的鼓励，让我们所有人奋斗的风帆;你的深刻，让我们所有人沐浴知识的阳光;你的奉献精神，让我欣赏老师的风格。,
54，人们爱秋天，爱她秋天，爱她富有成果;人们喜欢春天，爱她的山脉和绿色，爱她丰富多彩;人们爱夏天，爱她夏天的雨，爱她灿烂的阳光照片;人们喜欢冬天，爱她的雪，爱她的白人和无辜。,
55.谎言是灵魂的蝗虫，使人的心脏无法辨认;谎言是一个深深的泥潭，人们深陷其中;谎言是一个无尽的黑洞，让人们陷入罪恶的深渊不再是灾难。,
56.由于我的自信，当我学习语言时，我用细腻的双腿迈出了生命的第一步。由于我的自信，我一次又一次地拿到了一等奖。因为我的自信，不幸的是，我剪掉长发飘逸的头发，在运动场上展示我的风格......感谢自信，它给了我一双翅膀，让我在闪电和雷声中飞翔，在风雨中战斗生活！,
1，理想，前进的动力，成功的方向。一个人，如果没有理想，就像一只没有飞翔翅膀的老鹰;就像猎豹没有刺痛的尖牙;就像一只警犬没有敏感的嗅觉。,
2，理想的是石头，擦火星星;理想是火，点燃希望之光;理想的是光，照亮前方的道路;理想是道路，引领你走向成功。只有一种生命，生命本质上是脆弱的。但是有了理想的支持，生活就会变得强大。理想是一首响亮的歌。每个音符都有生命。,
由于对蓝天的渴望，鹰将战斗天空;由于对大海的渴望，鱼会向后流动;因为理想的导航，我们有前进的方向。人们总是追求自己的理想，实现理想总能让我们快乐。就像一只飞蛾一样，它冲向熊熊烈火，并且愿意成为火焰的俘虏，只是在光明的瞬间。,
4，理想的是歌曲，演奏生活运动;理想的是运动，构成音符;理想是笔记，对生命奇迹的诠释。,
5，理想是希望灯，照亮我们美好的未来！理想的是闪亮的星星，引导我们走向黎明！传播理想，你将拥有辉煌的未来，挑战自我，你将实现智慧！,
6，理想的是石头，敲出星星的火焰;理想的是火，点燃和熄灭光;理想的是灯光，照亮夜路;理想的是道路，引领你到黎明。在实现梦想的道路上，请带上您的理想，因为理想有支持者才能实现梦想的力量！,
7，理想充满斗志，理想不怕困难;理想使人们追逐目标，理想使人们到达另一岸;理想让我们站起来挫折;理想让我们在困境中找到希望。,
8.理想就像火一样点亮了心中的黑暗理想，就像一个激励我们前进的引擎;理想，就像一座灯塔，指向我们前进的道路......,
如果你有理想，那就努力吧;如果你没有理想，现在为自己设定一个现实，你可能会被你的理想所嘲笑！,
10，没有理想的人，他的生活就像一个荒凉的戈壁，冷酷而清晰，没有生命力;没有理想的人，他的生活就像一艘无舵的船，颠簸，没有方向;没有理想的人，他的生活就像漫漫长夜，微弱，没有光明。,
11，梦想，动力，成功方向。一个人，如果没有梦想，就像一只没有飞翔翅膀的老鹰;就像猎豹没有刺痛的尖牙;就像一只警犬没有敏感的嗅觉。,
12，梦想是石头，要消灭星星之火;梦想就是火，点燃了希望之光;梦想就是光明，照亮前方的道路;梦想就是道路，引领你走向成功。只有一种生命，生命本质上是脆弱的。但是在梦想的支持下，生活会变得强大。梦想是一首响亮的歌。每个音符都有生命。,
由于对蓝天的渴望，鹰将与天空搏斗;因为对海的渴望，鱼会上游;因为梦想导航，我们有前进的方向。人们总是追求自己的梦想，始终实现我们的梦想。就像一只飞蛾一样，它冲向熊熊烈火，并且愿意成为火焰的俘虏，只是在光明的瞬间。,
14.梦想是一首歌，播放生命的音乐;梦想是一个运动，组成音符;梦想是生命的奇迹。,
15.梦想是希望光明，照亮我们美好的未来！梦想是一颗闪亮的星星，引领我们走向黎明！传播梦想，你将拥有辉煌的未来，挑战自我，你将实现智慧！,
梦想是石头，摧毁了星星的火焰;梦是火，光被熄灭;梦想就是光明，夜晚的道路被照亮;梦想就是道路，引领你走向黎明。在实现梦想的过程中，请带上您的梦想，因为梦想有实现梦想力量的支持！,
17.梦想充满斗志，梦想不怕困难;梦想让人追逐目标，梦想来到另一边;梦想让我们沮丧地站起来;梦想让我们在困境中找到希望。,
18，梦想像火一样照亮心灵的黑暗梦想，就像一个激励我们前进的引擎;像灯塔一样的梦想表明我们前进的道路......,
19.如果你有一个梦想，那就争取它;如果你没有梦想，现在就为自己设定一个梦想，你可能会被你的梦想所嘲笑！,
20，没有梦想的人，他的生活就像一个荒凉的戈壁，冷酷而清晰，没有生命力;没有梦想的人，他的生活就像一艘船舵，颠簸，没有方向;没有梦想的人，他的生活就像漫漫长夜，微弱，没有光明。,
21，没有梦想，生活就像沙漠，没有生命;没有梦想，生活就像夜晚，没有光明;没有梦想，生活就像一个迷宫，没有方向。,
22，梦想是一棵幼苗，长成一棵参天大树;梦想是一棵树，取出嫩芽;梦想是萌芽，开放美丽的花朵;梦想是鲜花，结出甜蜜的果实。,
燕子走了，他们又来了;柳树干了，当它们再次变绿时，桃花很感恩，当它们又被打开时。,
洗手时，日子从盆里流过;你吃的时候，从饭碗里过来的日子;当你沉默时，你会从平静的目光中走过。,
坚持不懈是迈向成功的第一步。持久性是胜利的必然路线。坚持是许多人获胜的秘诀。,
2，坚持不懈，是一种自信，努力确定目标，并肯定自我和付出。坚持是一种勇气，雄心壮志。毅力是一种品格，失败不会放弃，成功不会放纵。坚持就是胜利......,
坚持是一种信仰。坚持是一种理解，坚持是一种责任。,
4，坚持是星星的火焰，可以点燃生命之光;坚持灯，可以照亮前进的道路;坚持就是道路，可以带领你走向胜利。,
5，坚持不懈是坚持不懈，坚持是灵魂，坚持香味的气味香味的气味香味的气味香味的气味香味的气味香味的气味香水气味香味的香味,
6.坚持是一种胜利;坚持是一种美德;坚持是一种崇高的品质。坚持不懈是成功的基石，也是不可或缺的精神力量。,
7，坚持，是沙漠中的一滴水;坚持，是饥饿的面包;坚持，是黑暗中的一束光;坚持，是......,
啄木鸟坚持每天给树木一种疾病，以便把福音传给大自然。老鹰每天都在不知疲倦地练习，以便在天空中自由飞翔;每天都有一小滴水流过河流。它能够融入浩瀚的大海。坚持一件事，那就是胜利。,
9.如果司马迁不坚持，怎么会有过去的历史？如果曹雪芹不坚持，怎么会有一个悲伤的红色建筑梦想;如果李时珍不坚持，怎么会有本草的医学草案。,
10.坚持是一种精神，也是我们必须学习的东西。坚持可以使人成功;坚持，像船上的帆;坚持不懈，永远是不败的精神！,
11.坚持是一个强大的精神支柱。这是一个让你坚持未来的角色。它是追求和向往的先驱。这也是生活的动力和斗争的目标。,
12.坚持生火，烧火;坚持做风，做风的舞蹈;这首诗正在坚持诗歌。,
13.坚持是成功的基础，需要我们不懈的努力。坚持是一种信念，追求现实的理想;坚持不懈是打开成功之门的关键，它使我们能够实现自己的理想并取得成功！,
14.什么是持久性？坚持是生命的希望，是像冰一样滴水的冬天;坚持春天的愿望;暴风雨之夜的心中的太阳;在生命的旅程中，坚持是内心的唯一目标而不是改变初衷。坚持不懈，为生活创造奇迹。,
坚持不懈是等待孤独。更多的王苟建不愿意付钱，最后是吴国的报复和发誓，依靠坚持;坚持是低谷的重生，曹雪芹是奢侈的，最终创造了文学史上的奇迹，依靠坚持;坚持不懈是坚持不懈的事情，爱迪生精心研究，最后为光明世界带来光明，依靠坚持不懈。,
16.坚持不懈可以激发人们的士气，坚持磨练人的能力，坚持完善一个人的品格。,
17，坚持石头，抛光星星之火;坚持着火，点亮灯光;坚持灯光，照亮生活之路。,
18，坚持梦想你会充满自信，坚持梦想你将充满动力，坚持梦想你会大踏步前进，坚持梦想你会成功。,
19.坚持不懈，让沙石粉碎大海，最后成为蝎子的珍??珠;坚持，让天空忍受雨的阴霾，终于看到彩虹;坚持，让春天忘记流入山谷，最后进入蓝色的大海。,
20，绿叶的持久存在，使秋天以最美丽的姿势漂流;微风的坚持，发出错过地址的声音：帖子的坚持，就是利用星星拼出人们的笑容，用爱作为每一个生命的开始。,
21，坚持储存在枷锁中的酒，时间越长越香;坚持亲密的友谊，时间越长越真实;坚持爱不老，越甜越甜。,
22，鸟儿坚持飞行，可以飞向远处的明亮天空;鱼坚持游泳，你可以到达前面的红珊瑚;爱迪生坚持做实验，可以在黑暗中点燃一盏灯。而且我坚持走向目标，因为我坚信它可以让生活变得更加精彩。,
23，面对风暴，寒冷??和大雪，李子选择坚持，最后赌博愤怒;面对天空，无辜的海鸥选择坚持，最后成为海上风光旖旎。由于持久性，他们可以实现最激动人心的场景。,
24.坚持不懈是你在遇到困难后可以继续前进。坚持是一种持久性和持久性的态度。坚持永不放弃。,
25，坚持不懈，是在寂寞中等待，越是王苟谦撤退，最后报复雪耻摧毁吴国，依靠坚持;坚持不懈，是在低谷中重生，曹雪芹从奢侈品中，终于创造了文学史上的奇迹，依靠它是坚持不懈;坚持不懈，在艰辛中无怨无悔，爱迪生煞费苦心地研究，最后为黑暗世界带来光明，依靠坚持;坚持用石头，抛光星星的火焰，坚持着火，照亮前方的灯光，坚持光明，照亮生命之路。,
持久是一种孤独的等待。更多的王苟建不愿意付出，最后报复雪和耻辱，摧毁吴国，依靠坚持;坚持是低谷的重生，曹雪芹是奢侈的，最终创造了文学史上的奇迹，依靠坚持;坚持不懈是坚持不懈的事情，爱迪生精心研究，最后为光明世界带来光明，依靠坚持不懈。,
2，坚持可以激发人们的斗志，坚持可以磨练人的意志，坚持也可以提高一个人的性格。,
坚持是一种自信，追求目标，肯定自我。坚持是一种勇气，雄心壮志。毅力是一种品格，失败不会放弃，成功不会放纵。坚持就是胜利。,
4，坚持石材，抛光星星之火;坚持着火，点亮前方的灯光;坚持灯光，照亮生活之路。,
坚持是一种信仰。坚持是一种理解，坚持是一种责任。,
6.坚持你的梦想。你会自信的。如果你坚持自己的梦想，你就会充满动力。如果你坚持自己的梦想，你将会向前迈进一大步。如果你坚持自己的梦想，你就会成功。,
7.坚持不懈，让沙石粉碎大海，最后成为蝎子的珍??珠;坚持，让天空忍受雨的阴霾，终于看到彩虹;坚持，让春天忘记流入山谷，最后进入蓝色的大海。,
8，绿叶的持久性，使秋天最漂亮的姿势漂流;坚持的微风，把歌送到了思念的地址：帖子的坚持，就是用星星拼出人们的笑容，用爱作为每一个生命的开始。,
9.坚持隐藏的酒。时间越长，越香;坚持是亲密的友谊，时间越长，越真实;坚持不老的爱，时间越长，越甜。,
10，鸟儿坚持飞行，可以飞向远处的明亮天空;鱼坚持游泳，你可以到达前面的红珊瑚;爱迪生坚持做实验，可以在黑暗中点燃一盏灯。而且我坚持走向目标，因为我坚信它可以让生活变得更加精彩。,
11，面对风暴，寒冷??和积雪，李子选择坚持，最后赌博愤怒;面对天空，无辜的海鸥选择坚持，最后成为海上风光旖旎。由于持久性，他们可以实现最激动人心的场景。,
坚持不懈是你在遇到困难后可以继续坚持下去。坚持是一种坚持某事或某人的态度，并且仍然是固执的。坚持永不放弃。,
1，手拉手接近人与人之间的距离，携手让园丁把祖国的鲜花带到未来，携手让两个不认识的人互相认识。,
2，伸出粗糙的手，为人民服务;伸出手来充满力量，给你坚持不懈的努力;伸出温柔的手，轻轻抚摸你，安慰你。,
谁有一双手。工人有一只强有力的手，演员有一只柔软的手 - 一位祖母，但是一双满是老人的手却无法帮助。多少个日日夜夜，她不可阻挡的双手为我们的家人带来幸福和快乐，使我们的家园始终干净整洁，整齐的东西。多少次，多少次让我们感受到它的温暖！,
4，她的手不像雕塑家那样精致细致，不像建筑师的复杂雕刻，不像画家的非凡，但这些手给了我温暖。,
5，妈妈不会着装，不能跳舞，但她有一双聪明的手。妈妈的双手纤细而有弹性，白色柔软的手指更显眼。母亲编织了一件毛衣，手指像梭子一样移动，令人眼花缭乱，并且在很大程度上编织了一大块。,
我想握住你的手，一双粗糙而有力的双手;我想牵着你的手，一双勤劳而经济的双手;我想牵着你的手，一双大手挣钱养家;我想抓住你的手，从小就举起一双手;我想牵着你的手，一双父亲的手让我哭泣。,
妈妈的手很温暖。当我紧张时，用她坚定的手鼓励我;当我难过的时候，用她乐观的手来安慰我;当我饿的时候，用她瘦弱的手做饭给我。,
8，我的手是我见过的最难看的手，蓝色的静脉暴露，皮肤呈棕红色，充满皱纹，骨头突出，手指短。,
当你不顾一切地放弃时，你选择离开。我死的时候可能会选择放手，但也许我永远不会放手。,
2，爱，应该懂得珍惜，当你可以爱，知道如何放手，当你无法爱，所以当你珍惜，你必须爱，并在你放手时得到祝福。,
有些事情只有在发生时才能被接受。有些人，如果他们输了，只能放手。一些道路，如果你选择，你不必回头看。,
4，虽然一切都会过去，但在你放手之前，你想要掌握多少，它有多紧。,
5，我们以为我们爱死，活着，不能放手，但是，当谈到结，你会突然醒来。失踪将到期;附件最终会过期。,
6，人们这辈子有几个机会，不要轻易放过。,
7，牵手或放手。幸福或祝福。,
别人放手了，他仍然坚持;当别人退后一步时，他仍然向前冲;每当他跌倒时，他立刻站起来 - 这种人一定是失败了。,
9，我不怕敌人的各方面，恐怕你可以轻易放手而不战斗。,
10，爱情就像两个拉橡皮筋的人一样，受伤的人总是不想放手。,
11.任何人都可以这样做。处理其他人的事务始终是掌握主要问题的重要一步。现在轮到你沉浸在细节中并拒绝放手。,
12，不保留，被称为青年。如果你不解释它，它被称为平静。真正的爱就是你不放手的时候。生活是不完美的。,
13.我知道什么时候停下来，什么时候放手，什么时候去。但也就是说，我“知道”并不意味着我可以“可以”。,
14.多年来，每当她说她放手时，他说不，但当他真的放手那天时，她比其他任何事都痛苦。,
15.也许我失去的是我生命中永远不会忘记的东西。,
我爱你十年了，放开了蓝天。因为我在乎，放手吧。,
17.当总有爱放手时，不应该保留任何东西。当爱情来到转折点时，我不得不放手。你不应该依赖自由。,
18，假装抓住你，你终于可以放手了，所以在你之前，你必须放手，放手离开。,
19，放手，请放手，不要放手，你什么也得不到，还要毁了曾津和后来。,
20，爱一个人放弃他的东西对他来说是一个屎，爱一个就是用生命去死。,
天空中的星星一个接一个地像孩子的眼睛;天空中的星星就像无辜的钻石，闪烁着闪烁的光芒;天空中的星星就像荷叶上的露珠，明亮而明亮;天空中的星星就像大海。灯塔，闪亮而有光泽。,
2，更美丽的明星！它就像一块石头;星星多么美丽！这似乎是一对成千上万的孩子的眼睛;美丽的星星！它看起来像白玉一样明亮。,
3，星星就像钻石一样，闪闪发光;星星像眼睛，闪闪发光;星星就像宝石，闪闪发光;星星就像水滴，闪闪发光;星星就像灯泡，闪闪发光;星星就像火花，闪闪发光。,
4，星星是每个人心中的花朵，星星是一个舒适而美丽的梦想，星星是人类最正确的保证，星星是宇宙中最长寿的生命。,
5，我想和明星聊天，过去谈谈我们;我想和星星聊天，谈谈我们的未来;我想和明星们聊聊，现在就谈谈我们吧。,
6，我爱你，明星，你有迷人的魅力，你有一个淘气的性格，你有丰富多彩的衣服。,
7，星星真是顽皮，躲在云母的怀抱中一会儿，躲在云母身后一会儿，然后从云母身后偷窥出来。,
8，我经常仰望天空，想知道哪一个是爷爷，那一刻是奶奶，哪一个是父亲，哪一个是母亲，哪一个是兄弟，哪一个是姐姐......,
9，我想成为一个明星，一个闪耀着七种颜色的光明星;厚厚的云层无论夜空还能透过云层照耀最耀眼的星星;钻石般的硬星;一颗可以在冬天微弱地温暖的星星;一个在夏天散发凉爽的明星;我想变成一个神奇的明星。,
在夜空中，星星镶嵌着钻石和闪烁的灯光。他们就像一个顽皮而狡猾的孩子，金色的眼睛照在地上。用好奇的目光望着地球，奇怪的眼睛有多奇怪！,
2，天空密集的星星，落在镜子上像河流一样，像珍珠玛瑙，闪闪发光。,
3，不经意间看到了满天星斗的天空。天空中的星星非常美丽：有些是短暂的：有些是三五组;有些人在一起窃窃私语;有些像闪闪发光的钻石;有些是孤独的......我总是好奇地反复思考。星星眯着眼睛，仿佛在嘲笑我。,
4，太白的星星像蜡烛一样被灯光小心翼翼地照着，在天空中悄然闪烁。,
5，天空中的星星像婴儿一样，依偎在月亮母亲的怀抱中，母亲抚摸着小宝宝，宝宝的脸上露出灿烂的笑容。,
由于星星，夜空很美。由于理想，世界是成功的。夜空中的星星无数，代表着世界上无数的理想。星星越多，夜空越美丽。如果你坚持“理想”，你就可以实现它。如果理想得以实现，那么世界不会取得更大的成功吗？,
7，天空中的星星都是“顽皮的幽灵”，追了一会儿，蒙住了一会儿。月亮妹妹还告诉小星星有关月亮的故事，他们用耳朵听着对方，看着一双精神的小眼睛，多么严肃！,
8，夏夜，大热笼罩大地，月亮挂在天空中，稀疏的星星眯着眼睛看着。,
9，冬天的夜晚，几个赤裸的星星冷冷地呻吟，几乎听得发抖，听到他们的牙齿冷得发出跳动的声音。,
10，小小的星星在寒冷中摇曳，仿佛它又冷又颤抖。,
11，深蓝色的天空闪耀着一颗像钻石一样闪耀的白色星星 - 星星。,
12，乌云之间逐渐褪色，几颗星羞涩地眯着眼睛。,
看着天空中的星星，我忍不住伸出我的小手，面对着天空的星星，顽皮，但这颗星似乎永远不会算数。我一遍又一遍地数着，我逐渐睡着了......,
14，这颗流星变成了闪光，突破了夜空。,
天空中的小星星，它们正在发挥自己的力量，将一点点光线融合在一起;虽然没有太阳那么灿烂，不如月亮那么清晰，但是它们的梦幻光芒洒在地球上，地球它已成为一个奇怪的世界，激发了人们探索的欲望。,
16.抬起头，星星给人以世界上最安静的场景，带来自己独特的美。为乡村增添不同的魅力，为乡村增添了独特的风味。让月下的人沉迷于美丽的妄想中。,
天空中的星星像守卫一样，守护着广阔的夜空，为了夜晚的宁静，不知疲倦地站岗并吹口哨。,
18.如果你感到沮丧，悲伤或悲伤，当你坐在星空下仰望那些眨着眼睛的星星时，你会发现星星是多么安静和如此美丽。当你在享受星星的同时，你心中的烦恼和悲伤是无意识的，云层是分散的。因此，我建议当你遇到不满意的事情时，你不必找到泵，直接去星空冷静下来。 。,
19，天空中的星星有时是明亮的，有时隐隐约约，像一个微笑的小铃铛，是人们心中的清白。,
20，天空是窗帘，星星和月亮是装饰这种窗帘图案。嘿，这里的北斗七星形成一把勺子，很奇怪;看，北极星是星星中最耀眼，最明亮的星星，灯塔上的灯光怎么样;奇异的Vega河对岸;奖励，明月，这不是一个美丽的神话吗？,
21，看，那天的星星，就像阳光下的露珠，闪烁的光芒反射出闪闪发光的光芒。,
22，我们是星星，贞洁中没有月亮，但有美丽和美丽;我们是星星，没有太阳的温暖，但有一种华丽的柔软。,
23日，最早出现的明星，闪现在这片漆黑的天空中。它是如此之大，如此明亮，在广袤的沙漠天空中只有一个，散发出惊人的光彩，就像悬挂在天空中的明亮光线。,
在晴朗的夜晚，天空成为星星的聚集地。闪烁的星星就像许多小灯笼。它们点缀着单调的夜空。它们也像小的一样。精灵们不断闪耀着神奇的光芒。,
25，星星闪过，似乎是一双明亮而清澈的眼睛。,
26.看看由七颗星组成的北斗七星。它就像一把勺子。我真的想把它带出天空，试着用它来拿着银河水。它甜而不甜。,
27.突然，在深蓝色和宝蓝色的天空中，有一股炽热的火焰，画出一条美丽的曲线轨道，拖着一条非常明亮的光束，就像一只美丽的长蝎子，朝向无限远。浩瀚浩瀚的广阔荣耀是天空中无数星星的结果......,
28，星星就像萤火虫，因为星星会像萤火虫一样发出光芒，像宝石一样闪闪发光，就像一双可爱，明亮的小眼睛，一瞥，就像天空中的路灯一样，给人指路，照明。星星在天空中闪烁，就像一颗小珍珠。看着星星，星星是黄色的，就像一块玉石。,
29，夏天的星星就像顽皮的孩子一样非常可爱。,
每个人都是一颗璀璨的明星，每颗星都是不同的。每颗星都是独一无二的，有自己的才华。因此，每颗星都令人眼花缭乱，极具吸引力。,
星星上的星星就像灯笼一样。它们闪闪发光。我在下面窃窃私语，一，二，三，四......这个数字也是无数的。,
32，天空中的星星，就像夜晚无数动人的眼睛，就像一颗闪亮，闪闪发光的夜晚珍珠。天空就像一个无边无际的海洋，表面有一点银色。,
33.金星是如此之大，如此明亮，只有一颗在茫茫沙漠的天空中，那里有壮观的光芒，就像悬挂在天空中的明亮光线。,
银河系中的恒星看起来像一只带翅膀的白天鹅。他们正在梳理他们的羽毛，并希望让自己更美丽和美丽。它似乎是整个银河系中最美丽的恒星。,
一股闪闪发光的流星，就像从河里溅起的一滴水，从银河系中间飞出，穿过深蓝色的夜空，静静地滑向北方。,
那些大而明亮的星星挂在夜空中，好像天上的守卫正在人类的电灯上巡逻。,
一颗好的流星在夜空中画出银色的线条，就像探索世界上最美好的未来一样。,
38，星星在天空中闪烁，闪烁着闪烁。有时，天空是灰色的，星星隐约可见微弱的光线。在夜晚，地球是黑暗的，星星的光可以忽略不计。星星，我去邀请月亮姐姐帮忙。地球不再是黑暗的，但它仍然是黑暗的！,
星星充满了情感。像顽皮的孩子一样，他们幼稚而痴迷地看着这个世界，好像用那个明亮的声音讲述一个美丽动人的神话。,
40，顽皮的小星星在蓝色幽静的夜空中画出一个金色的弧形平面，就像一个织布者抛出一条线。,
41，深蓝色的天空是如此迷人，天空闪烁着小星星，它们越来越像在蓝色地毯上跳舞，像眯着眼睛一样跟我说话。,
一颗流星划过夜晚的寂静，在天空中留下一道美丽的长弧，然后消失在天空中。我惊呆了，原来的流星也很漂亮！,
深蓝色的天空里满是星星，像无数双眼睛一样，闪烁着闪烁的光芒。,
44，未被采摘的星星总是最亮的，滑落的小鱼总是最可爱的电影，总是最好的，失落的情人是最受欢迎的。,
渐渐地，这位明星闭上了昏昏欲睡的眼睛，在早晨的空气中消失了。,
满天星斗的天空，夜间移动的眼睛，像闪闪发光。闪亮的夜晚珍珠。天空就像一个无边无际的海洋，上面闪着一点点银色。 。,
流星拖着一条长长的尾巴般的蓝色磷光，在夜空中画出一条长弧，很长一段时间后逐渐消失。,
48，星星像一个小电灯，在空中闪烁。,
49，高高的夜空，几颗银色的星星就像钓鱼一样闪闪发光。,
50，闪闪发光的小星星，就像钻石一样，每颗星星的造型都如此独特，如此美丽。我真的想飞向天空，飞入星空世界，看看大自然如何让他如此美丽。,
水像龙一样咆哮。它看起来就像一匹像马一样飞舞的星系。,
2，水在山麓的诞生，像孩子一样弹跳，欢呼，跳跃，顺着潮流，时不时地走出可爱漂亮的小手，顽皮地抚摸着岸边的岩石和草地。有时候它像一只温柔的绵羊一样平静而温柔地流动;有时它会从悬崖上下来，变得生动，温暖，流动。有时它会在岩石之间左右摇晃，唱出欢快的歌曲并将它们挤在一起。跳过岩石。,
3，水无辜地滋润一切，为地球带来无限活力;水安全地处于最低位置。它为人们树立了良好的榜样。水像镜子一样安静，龙蛇翻滚，给大自然带来柔软和柔软的好处。,
4，桂林的水真的很清澈，清澈见到河底的砂岩;桂林的水真的是绿色的，绿色的，仿佛它是一块玉;桂林的水真的很安静，像镜子一样安静。,
5，我喜欢柔软的水，柔软的绿色丝绸;我喜欢水的运动，像健康的龙一样移动;我喜欢水的缓慢，慢慢如玉的凝结;我喜欢水的紧迫感，像马驰骋一样焦急。,
6.水是生命之源，因为没有水就没有地球;水是生命的源泉，因为没有水就没有人;水是生命的源泉，因为没有水，没有文明......,
漓江的水真的很安静。它让你觉得它不流动。漓江的水很清澈。你可以看到河底的砂岩。漓江的水真的很绿。看来它是一片绿色。无辜的玉。,
8，河水汹涌澎湃，如弦如箭，如马，如老虎出山。河流穿过山脉，打破了墙壁，气势冲去;像瀑布一样尖叫着的河流悬在空中。这条河就像沸腾，到处都是泡沫，到处都是波浪。,
这是什么水？晶莹剔透，空气般透明，蓝天清澈！,
10，水清澈透明，水温和美丽，水安静圣洁。,
11，这水真的很清澈，清澈见底水;这水真的是绿色，绿色就像一块碧玉;这水很安静，很安静，你感觉不到它的流动。,
12，这里的水很清澈！这里的水太蓝了！这里的水太美了！,
13.没有水，就没有生命;没有水，没有多彩的世界;没有水，就没有这样美丽的大地。,
14，水是优雅的品质，花园的宁静;水是万物的圣洁，是珍珠的梦想;水是母亲的温柔，是父亲的慷慨。,
15.你家乡的水，你养育了家乡的父亲和父亲，抚养了家乡的草地和树木，滋养了家乡的一切。我为你感到骄傲并以你为荣。,
16.从眉毛到眼角，清澈的水在眼睑反射;从这里到另一边，水面像镜子一样薄;从水面到水底，像绿草和绿草！,
17.从上往下，水是如此清澈;从近到远，水是如此的蓝色;从底部到水，水是如此平静。,
18，溪水的水是如此清澈，底部清澈;它是如此纯净，像泡沫一样纯净;它是如此绿，绿如草。,
19.水是优质的品质，是花园的宁静。水是万物的圣洁，是珍珠的梦想。水是母亲的温柔和父亲的慷慨。,
20，黄山的水晶莹剔透，连小砂岩都清晰可见;黄山的水汹涌，滚滚而来，令人震惊;黄山的水像彩虹一样，像龙一样，开走了。,
21，水，因为口渴，所以人们习惯解渴，水，因为它是如此清晰，它是用来洗去灰尘，水，因为坚持，所以有一个水滴的故事。,
勇气给了我们力量;勇气给了我们信心;勇气使我们坚定不屈。,
2，勇气是石头，敲出星星之火;勇气是火，点燃了希望之光;勇气就是灯，照亮了夜晚的道路;勇气是道路，引领你走向黎明。,
3，勇气是眼睛，看到心中的愿望;勇往直前，成功之门;勇气是嘴巴，唱出心灵的梦想。,
布鲁诺很勇敢，因为他有勇气投入真相;贝多芬勇敢，因为他有勇气去挑战命运;屈原很勇敢，因为他有勇气为国家建国;戚继光很勇敢，因为他有勇气打击敌人。,
5，不仅是需要勇气的英雄事件，还包含日常事务中的勇气。坦白承认你的错误需要勇气;向老师提出不同的意见需要勇气;走上领奖台并推荐自己需要勇气。独自前去需要勇气;甚至独自在黑色的道路上独自完成由老师分配的任务。 ......这些都是勇气。,
我们庆祝我们的勇气，赞美我们的勇气。与此同时，我们真诚地呼唤着勇气。这个老人被歹徒刺伤了，旁观者都没有出面帮忙;孩子们蹲在水里，但周围的人却视而不见;居民的建筑物处于火焰中，旁观者指着他们，但他们没有前去帮助......这些事实让我们为人类感到难过。冷酷，勇敢。但是，我坚信，只要有人存在，勇气之花就不会枯萎。,
7.我们欣赏勇气，勇敢地期待没有翅膀的蓝天，以及当我们欣赏翅膀时试图飞翔的勇气;我们也很欣赏飞翔和打破翅膀的勇气。如果一个人有这样的勇气，他就能成为一名钢铁战士。如果一个国家有这样的勇气，它将立于不败之地！,
我们感激勇气，因为它是智慧和力量的体现。斯巴达克可以勇敢地带领角斗士和奴隶起义;司马迁劳动局依靠勇气;成吉思汗以勇气和勇气征服世界，既是一个村庄坚不可摧的长矛，也是一个没有盾牌的盾牌。有了勇气，就有能力突破一切困难和障碍;有了勇气，你就可以无所畏惧地与厄运作斗争;有了勇气，你可以冲上泥土冲进大海。,
9.面对困难，勇气无所畏惧;面对敌人，勇气平静而平静;面对错误，勇气是一种深刻的反省;勇气是名誉和财富的宁静;勇气是诱惑的平静。,
10，勇气就像温暖的阳光，让因为自私而日益麻木的人的心得到温暖;勇气就像一条甜蜜的河流，使遭受苦难的灵魂变得湿润;勇气就像新鲜空气一样，让心脏变得灰暗。寒冷的心灵充满活力。,
11.我们钦佩鲁迅先生，因为他敢于向黑社会宣战;我们爱毛爷爷是因为他敢于将中国从子弹雨中拯救出来;我们崇拜海伦凯勒，因为她敢于应对令人窒息的黑暗和沉默的世界。摔角;我们赞扬王昭君，因为她敢单独外出，走到寒冷的边境，完成民族和平的使命。,
12.什么是勇气？勇气是古希腊英雄穿越海峡时的坚定意志;勇气是古罗马角斗士和野兽无所畏惧的精神;勇气是莫斯科市人民三年来被围困的坚定信念;勇气是“海空战士”王伟为国家牺牲的同志们的骄傲......,
13.我们感激勇气，因为它是自我提升的法宝。如果没有创新的勇气，莱特兄弟就不会发明飞机;李时珍没有勇气奉献自己，也不打算编写“本草纲目”;袁隆平没有勇气突破，也不会成为杂交水稻之父。,
14.真正的勇气是一种精神力量，是人格的力量，是智慧的力量。有了这种力量，我们就可以独自在困难的山脉上行走;有了这种力量，我们就能战胜生活的艰辛;凭借这种力量，我们可以成为命运的主人，并始终提升胜利之风。 。,
如果你心中有阳光，你就不会害怕前面的粗糙;如果你内心有勇气，你就不会畏缩;无论风多大，下雨多大，过去是一片广阔的天空！不要难过，生活的美丽是一种强烈的漫步！,
2，生活是一个快乐和悲伤的过程，上下，这样的生活丰富多彩，失败并不可怕一次，只要我们能找到成功的奥秘和辛勤的勇气。,
3，种子牢记致力于枷锁的雨滴，增强勇气,
4，低头有勇气，抬头要有信心。,
5，付款，不一定有退换货。但是没有回报，你也可以转身离开。因此，当你恋爱时，你可以愚蠢地给它，或者你可以用一颗心和一颗心去爱它。这不是问题，但唯一的前提是你可以离开。有了转身的勇气，你可以爱任何人。,
这真的很有创意，你有勇气去生活！,
你认为挑起生活负担是勇气。事实上，当你真正想要生活时，你需要勇气。,
8，坚强的信心，可以战胜内心的恶魔，从而产生无敌的勇气。,
9.追求梦想走自己的路，你必须勇敢，随时被边缘化。因为不是每个人都能理解你的梦想，不是每个人都能在你聪明的时候享受你，在你沮丧的时候和你一起喝酒。通往生活的道路很容易说，而且很难说。你对外界的要求越少，你就越有可能自由和平地生活。只有这样，你才能在任何时候将自己边缘化并被其他人边缘化。只有这样，我们才能接近自己可能做任何我们想做的事情。,
10.信心，毅力和勇气都是可用的，因此世界上没有什么是不可能做到的。,
11，只要我们有勇气去追求，我们所有的梦想都能实现。,
12，出去问路，需要勇气;去一个陌生的地方努力工作，需要勇气;第一次发表演讲，需要勇气;对你爱的人说三个字，需要勇气;挑战极限，实现自我，需要勇气;许多人第一次需要勇气;面对强大的敌人，我们需要勇气。,
13.坚持不懈地追求，有勇气和力量来挑战命运。贝多芬有这种坚定的表情，所以他成功了，并且凭借对理想的不懈追求，他在艺术史上写下了很多东西。,
14.人们需要勇气去生活，生活得很好需要智慧。珍惜现在，当你通过它时不要后悔;它是完美的，它是看跌的，你有一个良好的心态。只有在降水安静之后，才能对生活有更多的宽容和理解。,
15.什么是信仰？它是一种持续存在于我们心中的动力;勇气是一种体现在内心的向上激情。,
16，是的。我很重要。我们每个人都应该有勇气说出来。我们的地位可能很谦卑，我们的身份可能很小，但这并不意味着我们无所谓。重要的不是一个伟大的同义词，它是灵魂对生命的承诺。,
17.一种难以忘怀的爱足以让逆境中的人有勇气生活并增添精神上的幸福。诗人陆游和唐禹彼此相爱，但他们不是终身的。这位诗人写了无数的诗，在他七十六年的生命中错过了唐寅。在他生命的最后，他仍然梦想着留在花园里。 Lu You的粗犷伴随着美丽的爱情。一生，我被世人所感动。每年，谁还记得花前的爱情，还记得落花的心情？,
18，举起双手，是一时的勇气;抱着一颗心，却终生忍耐。最真实的爱永远存在;最好的人总是爱。,
19.事实上，敢于放弃关系，不仅需要勇气，还需要大胆。你可以控制你的表情，但你无法控制自己的情绪;你可以说服别人，但你无法安慰自己。如果情况可以自我控制，我们怎么能想到一个恶性循环;如果内心是自给自足的，那么记忆如何成为最重要的。,
20，如何前进，需要智慧和勇气，遵循和简单，命运永远不会停留在每个人的雕刻，这是生活本身的内涵，后续不仅仅是让位于烦恼，而是转向智慧玉的共识,
21，谢谢你，感谢你的青春，你可以有勇气独自一人，有勇气去看一个人的风景，走一条人的路，去体验一个人的障碍。我也很感激生活在我心中的人，他没有出现，让我独自一人，学会坚强。,
22，刀痕切断是其蓬勃发展的勇气，侵蚀其脆弱和艰难的生活。我总是担心他们将无法在漫长的冬天生存，但最后我更关心。,
23，生活需要一种勇气，从山谷的底部走出他们生命的巅峰。这些年来的赞美不是任何人的弱点，不是任何人的悲惨处境。生活的态度是让它下雨和香蕉，到了黎明，我自由自在地生活和生活。,
24.增长是绊倒并仍然向前发展的勇气;经济增长是一种经历过艰辛的悲伤;感恩是失败的霸气，自豪地站着;增长是面对困难但要微笑的信心。,
25，做一个男人仰视有勇气面对现实。瞧不起自己，面对自己。做一个男人，要小心，要非正式。军官必须有强烈的精神，不要犹豫。用热情做事，努力争辩。做一个男人，有抱负，蹲下。一切都必须疯了。没有任何东西，失去气质，失去一切，失去尊严，一无所有，抛弃，个性。,
26.我有多大的勇气面对即将到来的一切，以及有多少信念继续在风中摇曳，敏感和软弱的心是否会像以往一样勇敢和勇敢。,
27.抬起头来，需要你的力量。弯腰需要勇气。每个人的生活空间都是有限的，他们必须被血腥打击。生命充满活力，经常受到其中一方的伤害。朋友之间的好玩，被误解后的无助，以及过多的争论和争论使人们觉得他们是华而不实的。最好留下微笑，让别人发表评论。有时微笑会让两个抱怨的人埋葬他们的斧头。,
28.事实上，我们在一天内所说的许多事情都是无稽之谈，可能会有一些有用的词。,
29，你今天担心的很多事情都可能不会发生，所以不要担心没有发生的事情。,
生活剥夺了许多无用的东西后，只有平凡的日常生活。,
31.照明不是太阳的专利，玻璃也可以发光。我们也可以发光。,
记住我们经历的快乐事情，忘记我们不喜欢的悲伤事物。,
33.即使我们失去了一切，我们也不应该因为我们还有青年而感到沮丧。,
34，其他人看不起你，非常不幸;他们看不起自己，更不幸的是。,
我们的勇气是我们最大的财富，我们的嫉妒是我们最大的敌人。,
太忙的人会使智慧生锈，我们的生活应该很忙。,
月亮像伞一样大，覆盖着天空;像月饼一样圆;白无辜玉的思想。,
2.月亮是什么样的？有人说月亮就像一条船，漂浮在灰黑色的水中。月亮是什么样的？有人说月亮像一只眼睛，看着我们在天堂充满活力的土地。月亮是什么样的？有人说月亮就像一盏明亮的灯，用优雅纯净的月光照着我们的心。月亮是什么样的？月亮的倒影在河里，就像一个顽皮的孩子，在河上愉快地跳跃。,
天空中的月亮是神秘的。我不知道云中是什么样的。我不知道云层覆盖的月亮是否会到达其他地方。云层散乱，月亮特别美丽，像舞者一样。在天空中跳舞，小星星正在为它跳舞。,
4，月亮，有时像玉盘，有时像玉石轮，有时像玉，有时像胡安...,
5，弯曲的月亮像豆子一样，像镰刀一样，像一条船，像母亲的嘴弯曲时一样。,
6，新月，反映出这种愉快的心情，可怜的九月三夜，就像真正的珍珠般的鞠躬;半月板，体现了一个世界长期的爱，我希望人们将永远，千里之外。,
7，月亮，带着一种人类的感情，“今晚从白色中显现，月亮是明朝的故乡。”满月反映了世界的变化。 “水已经满了，月收入就会流失。”,
8，月亮就像一条船，两端弯曲;月亮就像一块盘子，圆润而干净;月亮就像一个孩子，有时和我一起捉迷藏;月亮就像一个天使，守护着你和我。,
9，天空中的月亮真的是圆形的，圆形的像一个大西瓜;天空中的月亮非常明亮，足以照亮整个黑暗的夜晚;突然，云层覆盖了天空中的月亮。,
1，月亮就像水一样：月光柔软柔和，就像闪烁而缓缓流淌的水。描述月光的美丽夜晚。,B
2，凤庆岳朗：风很凉爽，月亮很明亮。,B
3，玉兔银蟾：传说月亮上有一个宽冷的宫殿，宫中有玉兔和银珐琅。因此，这是天空中明月的隐喻。,B
4，中秋节：指错失的机会。中秋节是最圆，最亮，最美的月亮，所以这是一个比较的好机会。,B
5，荣耀日月：竞争：竞争。它比太阳和月亮更亮。它经常被用来赞美人们的工作精神和伟大。,B
6，月亮和月亮的傍晚：月亮的夜晚，花的早晨。描述美好的事物。,B
一月三艘船：佛陀的语言与月亮相同。船上三个人的角度是不同的。只有一个道家的比喻类比，但它因人而异。,B
8，武飞兔走：吴：古传说当天有三尺，所以太阳叫金武;兔子：这个古老的传说在月中有一只玉兔，所以月亮被称为玉兔。描述快速过去的时间。,B
9，星星抱着月亮：许多星星掀起月亮。类比是每个人都支持一个他们尊重和爱的人。,B
10，月亮很清楚：描述一个安静而美丽的夜晚。,B
11，乌桓兔走：指太阳和月亮奔跑。兔子，传说中的月亮兔子。到月球。,B
12，星月贞节：星星和月亮都是明亮而干净的。,B
13，月份没有参加十字架：月亮已经下降，明星正在倾斜。描述一下夜晚。,B
14，海钓月：去水月鱼。做一些根本无法完成的事情只是浪费精力。,B
15，月亮落入十字架：月亮落下，星星倾斜。描述天空会很清楚。,B
16，月亮的主要光环：光环：日光或月光透过云层时形成的光圈围绕着日月折射。月球周围的光环是风的标志。,B
17，落兔接受光照：兔子：月亮。月亮夺回了光明。这意味着月亮正在下降。,B
18，兔子走吴飞：吴：古代传说中间有三只脚，所以太阳叫金武;兔子：这个古老的传说在月中有一只玉兔，所以月亮被称为玉兔。描述快速过去的时间。,B
19，月亮之前：在酒窖之前，在月亮之下。指葡萄酒鉴赏月的悠闲情况。,B
20，水从石头上掉下来：水流下来，水底的石头露出来。隐喻的真相被完全揭示出来。,B
21，夏季中期降雪：月球上有积雪。形容女人是白皙而美丽的。,B
22，月份半规则：规格：圆形。指农历八，九，二十二，二十三日，月亮蜿蜒的日子。,B
23，在水中钓鱼：去水上钓月亮。做一些根本无法完成的事情只是浪费精力。,B
24，月亮之前：在酒窖之前，在月亮之下。这是月亮的悠闲情况。,B
25，下一个效果：有效性：按照例子，按照研究。上面的人做了什么，下面的人跟着怎么做。,B
26，夜郎傲慢：夜郎：汉代西南部的一个小国。这个比喻是无知和傲慢的。,B
27，星月娇辉：星星和月亮一起闪耀。,B
28，悬挂着太阳和月亮：就像太阳和月亮悬在天空中。形容工作具有永恒的生命力。,B
29，在月中赢：在月亮上折叠月桂树枝。隐喻和第一。,B
30，月度剩余是食物：盈余：满;食物：通过“日食”，缺乏。月亮是圆的，月食很容易发生。隐喻在达到极端时会下降。,B
生活更美好，祖国更富强，民族更有希望,1
城市的发展离不开高楼大厦，离不开蓬勃发展的经济，离不开高速的车水马龙。,1
人会没有休闲娱乐的场所，没有安静自由的空间，没有生活的乐趣。,1
有高楼大厦，能够充分利用土地资源，吸纳更多的人；有开阔的水泥大道，能够让汽车飞驰而过；有丰富多样的商店，公园，健身房，游泳馆等等，使得现代人的生活更加丰富多彩，也更加全面的发展,1
无乱七八糟，无秩序的小商小贩；无车水马龙，拥堵不堪的街道；无邻里之间的冷漠无情，见面不识的冷淡；无历史文化消失不见，传统民街民俗落入低俗的商业化,1
不注重保护当地文化资源现象有之；不注重人居环境人文环境的现象有之；不注重科学规划土地，合理使用空间资源现象有之。,1
商品房越来越多，而邻里之间的关系却越来越淡漠；商铺越来越多，而传统文化的氛围越来越淡薄；写字楼越来越多，而供人们休闲放松的公园越来越小。,1
追求发展，不能只看眼前，党岸综合账、离体账、长远账。,B
我们过于注重建造漂亮的小区，而忽视了人的现实需求，最后“景有了，人没了”；城市开发中过度注重商业化，把历史文化古迹等都变成收费场所，结果“钱有了，文化没了”；有些城市大肆扩展私人权益，公共空间被压缩，最终“个人有了，大家没了”,1
建设经济开发区时，要留下城市绿地；建设城市CBD时，要留下古建筑保护区、特色文化街区；建设写字楼时，也要留下休息娱乐地。,1
月亮湾的道路如何平整？天空如何没有一张蜘蛛网？城市环境又如何美化？,1
要让居民身强体健，供居民活动健身的空地，各类文体活动室的开放必不可少；要保存传统文化、改善居住环境，就要处理好历史文化保护、商业发展和居民人居环境之间的关系；要丰富城市的人文意义和文化价值，就要以“造景”来“化人”，转变城市治理的思路……,
一个个传统文化村落的消逝，人们失去了精神寄托；城市建设同质化严重，人们失去了欣赏乐趣；炒房热越演越烈，人们失去了购房信心。,1
比如，我们过于注重建造漂亮的小区，而忽视了人的现实需求，最后“景有了，人没了”；城市开发中过度注重商业化，把历史文化古迹等都变成收费场所，结果“钱有了，文化没了”；有些城市大肆扩展私人权益，公共空间被压缩，最终“个人有了，大家没了”……长此以往，城市自然难以持续发展。,B
有与无是两个相辅相成的方面，在“无”中把握“有”的智慧，才能做到不骄傲，不张扬的“野蛮生长”；在“有”中寻找“无”的真谛，才能避免不落实、不实际的尴尬；,0
从科学中激发想象力促便我们的科学前景更加智能化、交互化、实用化。推动社会的发展和变革；从艺术中激发想象力。从美好中迸发想象力，促进社会人文美生态美。从古文化中激发想象力，古典文学和传统艺术催生一代代中国人东方式灵感， 通过这种想象力的源起，去体味传统文化的智慧和美，去传承我们优秀的古文化，丰富我们现代化的生活，增加人类文明程度、带给人以幸福感。,1
艺术是人类文明的经典传承，是对美好生活的向往和憧憬最直接的反映，只有保持对艺术知识的向往，渴望，才能推动想象力的发展，推动人类社会的进步，通过艺术去感知生活，通过艺术去了解过去，通过艺术去规划明天，艺术就像雨露一样滋润着世界的每一寸土地，如果没有艺术，我们的生活将会毫无生气，我们的想象力也会因缺少对昨天的认知而大打折扣，,1
科学让人在批判，质疑中想象未知的领域；艺术让人在寻美中想象美丽的世界；古文化让人在解读中，汲取想象的养分。,1
现今的一些特色小镇的发展，注重人与自然和谐共处理念的形成，也是借鉴了古时“天人合一”思想。还有很多现今的发展与古时思想，文化息息相关。在我们正在努力寻找想象力的时候，当我们苦于大脑空空，什么都没有的时候，不如去古文化中寻找，,0
从古代的“天圆地方”到如今的地球是一个球体；从托勒密的“地心说”到哥白尼的“日心说”；从亚里士多德的“质量越大，受到的重力越大”到伽利略比萨斜塔实验，无不都是在敢于质疑，无不都是在追求真理。,1
想象是一种天赋，想象是一种能力，想象是一次飞跃,1
"海内存知己，天涯若比邻代表着朋友间的深厚情谊；""夕阳西下，断肠人在天涯""表达了游子思归的思乡之情；""长风破浪会有时，直挂云帆济沧海""代表着对实现理想、施展抱负的憧憬之感。",1
科学的批判质疑精神，给人以一种重新认识、不断创新的动力；艺术中美的享受，给人以一种对生活充满希望、陶冶人的情操的体悟；古文化的智慧和秘密，给人以一种对文化内在含义的深度分析和理解,1
"无论是“共享单车”还是智能机器人“AlfaGo”,都是建立在人类已形成的科学理论基础上的；无论是星空艺术馆的神秘莫测，还是“嘻哈”说唱的风靡全国，都让人们的感知与审美转向了新的体验；也无论是移动博物馆还是诗词朗读亭，都积淀着历史的厚重与文化的多元。",1
没有想象力，就失去了创造的能力，生活毫无生气。没有想象力，多彩的生活也失去了原有的魅力，黯淡无光。没有了想象力，人类将失去进步的力量，停滞不前。,1
诗歌以专志，音乐以抒情，绘画以倾诉,1
蒸汽机的发明使人类社会进入了蒸汽时代，计算机的发明迎来了互联网时代，机器人的发明使人类步入了智能时代,1
当人类仰望星空的时候，总是好奇浩翰的宇宙是否有未知的文明；当人工智能不断地刷新世界的时候，未来将以怎样的步伐前进；当我们傲游知识海洋的时候，也还思考着未涉及的领域。,1
从“天圆地方”到“日心说”，我们从未停止对外物的探索；从经典力学到量子力学，理解世界的角度也从宏观转到了微观；从“上帝造人”到“物种起源”，我们也在不断地认识自己。,1
想象力的存在是科学发展的动力源泉，是体现生活中美的存在，也是汲取新的文化的途径,1
如果没有这种精种，麦哲伦就不会环球航行，我们讲继续认为天圆地方;如果没有这种精种，哥白尼就不会提出日心说，我们将一直认为地球是中心，自然不会有以后的探索;如星没有这种精神，黑洞、相对论等一系列没有实践支撑的理论就不会存在。,1
有了想要升天的原望，才有了航天飞船:有了嫦娥奔月，才有了探月计划;有了名种人类起源的猜想，才有了进化论的产生。,1
那些门生术士在帝王面前建言献策。那些蒙古族、满族的马儿驰骋在广阔的疆土上，那些原始人为了生存磨出了锋利的骨器，那些诞生于礼乐时代的乐器，那些出口国外的瓷器等等。,1
有了音乐，我们陶冶了情操，提高了审美能力；有了美术，我们沉醉色彩的魅力，培育了鉴赏能力；有了文字，我们可以了解世间万物，抒发情感。,1
要想发挥想象力的作用，必须重视科技的作用，让它可以成为想象力腾飞的翅膀；必须重视艺术的作用，让它可以成为攀登想象力高峰的凭借；必须重视古文化的作用，让它可以成为激起创新涟漪的石子。,1
正是因为有解决八亿人民温饱问题的想象力，才能有袁隆平杂交水稻的成功；正是因为有像鸟一样翱翔天空的梦想，才能迎来飞机诞生的奇迹；正是因为有魏格纳大陆漂移的大胆猜测，才能掀起一场地球科学革命的风暴；正是因为有对苹果掉落的关注，才能得出名震千古的牛顿万有引力定律,1
一个缺乏想象力的人只能成为知识的容器，一个缺乏想象力的企业只能成为创新的侏儒，而一个缺乏想象力的民族则只能成为跛脚的行者。,1
科学，使想象力成为现实，艺术，使想象力丰富多彩，古文化，使想象力有迹可循又承担文化传承,1
长城的坚守，敦煌的飞天，少林武功的刚正，陶渊明采菊东篱下的悠然,1
从生物领域的基因技术和生命科技，到航空领域的宇宙飞船和可回收火箭；从能源领域的煤制油煤制气可燃冰，到医学领域的阿尔兹海默病治疗；从环保领域的零排放和循环利用技术，到电子领域的量子计算和量子通讯。,1
读到《荷塘月色》，人们仿佛看到夜晚一池荷花淡淡开放的美景，甚至仿佛闻到了花香；听到乐曲《金蛇狂舞》，人们脑海中浮现的是劳动人民欢天喜地的热闹场面；赏析《清明上河图》，便如置身于古代繁华热闹的街市中，似乎自己也变成了小商贩，殷勤地对着来往的行人吆喝。,1
因为想象力，“共享单车”后运而生；因为想象力，智能机器人崭露头脚；因为想象力，智底炊具改变了人们的生活。,1
想象力给我们插上翅膀，让我们自由自翱翔天空，发现不一样的彩虹；想象力给我们装上鱼尾，让我们随心所欲畅游海底，探索不一样的世界；想象力给我们添上腿足，让我们可以毫无顾虑踏足草原，让我们寻找不一样的惊喜。,1
一首《命运交响曲》激励了多少人向命运发起挑战;一首《黄河大合唱》唱出了多少华夏儿女的心声;一部《阿甘正传》感动了多少人的心灵。,1
牛顿因对苹果落地的想象发现了万有引力；基金因对宇宙的想象力，研究出黑洞理论；人类因对太空的想象。对月球的想象力发射于一个个航天器,1
科学是灵活的，艺术是美好的，文化是沉稳的,1
如果没有敢于批判和不断质疑，哥白尼也许不会推翻地心说的谬论;如果没有敢于批判和不断质疑，伽利略不会发现比萨斜塔上的空心球会和实心球一起落地;如果没有敢于批判和不断质疑，亚里士多德不会明白给我-一个支点我可以翘起地球的真理。,1
艺术，就像春日的细雨;像夏日吹拂的微风;像冬日温暖的太阳，润泽着每一个想象者的心灵,1
没有蒸汽火车的发明那有后来的火车高铁;没有电的出现哪有后来的电灯电话;没有飞机的问世哪有后来的航天梦想,1
科学是想象力的装饰;艺术是想象力的砖瓦;古文化是想象力的根基。,1
因为艺术，使得家居设计具备美学形态，如多功能沙发，经过灵活的组装可以适应于各种房子使用；因为艺术，使得想象力具有独特审美，在人工智能的时代里，使人类具有机器人无法超越的能力；因为艺术，使得想象力能源源不断，且不断推陈出新，被广泛应用于平凡生活中，点缀不平凡的幸福。,1
中国人从古文学中获取养分，获取灵感。那些创造出伟岸诗篇的人，他们未必是凭空想象，他们成许在某一场景下而有感而发。李白见月思乡、思亲，苏就见月写水调歌头等等。他们望山，望水，望枫林，都能触发他们的想象力，从而为我们留下华丽的篇章，为我们留下美，让我所见识到他们的智慧与能力，因为他们富有想象力，才能让众众多雕塑，文章与诗篇等穿越时空，经过历史河流的冲刷来到我们的面前,1
才有了牛顿从一个苹果落地发现了万有引力；才有了屠嗷嗷从中草药中提取了青霉素；才有了麦哲伦从环球旅行中发现了地球是圆形的。,1
贝多芬的《生命交响曲》能在我们耳边形成气势恢弘、绝美悲壮的音乐篇章；莎士比亚的《仲夏夜之梦》能在我们眼前形成感人肺腑、温情浪漫的爱情图景；梵高的《星空》能在我们的脑海中形成炫目破碎、痛苦挣扎的自然景象。,1
于是便有了“大陆漂移假说”的诞生，使人们对地球的了解往前迈进了一大步；有了达尔文“人类是从猿进化而来的”对物种起源的想象，使生物学的研究迈上了一个新的台阶；有了鲁班的云梯、锯子的想象，使我国的发明有了一个原始的雏形。,1
凭着嫦娥奔月的传说，人类开始幻想天空，最终，一艘又一艘的飞船将传说变成传奇；凭着对“腾云驾雾”的向往，人类尝试飞向天空，最终一架又一架飞机在天空划出亮丽的弧线；凭着对三国时期历史的记录，罗贯中执笔畅想，一个又一个鲜活的人物活跃于《三国演义》中。,1
想象力才能使人在太空中遨游，思想才能在月球中漫步，人类才能实现登月的梦想,1
想象力是当今社会的主导，是社会前进的推动器。,0
"才有了今天的太空站,正是因为古人对月亮的钟情，才有了人类登月的想法，才有了阿波罗、才有了月兔",1
自信来源于屈原的天文”，来源子敦煌的飞天，来源于李白心中的皓月，自信同样来源子中圆的“墨子”“悟空”“天眼”。,1
所以，我们每个人都应该有一定的科学、艺术文化修养。而作为一个中国人，拥有着如以丰富的传统文化营养，我们更应该吸收和学习传统文化，才能够在遇到困难的保持本心，在开心快乐时不会浮睬，能够拥有足够的底蕴去想象、去创造，能够有更纯净的的本心去憧憬和创造未来。孔子生在乱世向往周初的兴盛而创儒家，韩愈因当时文体浮躁怀念古体，而兴的“古文运动”让策论文体走上新台阶。我们总是这样看着先贤的事例学习所改进，在崇尚中想象中创造。,1
如果没有科学，我们便没了信仰，没有足够的勇气去批判和质疑，没有将想象打造成现实的支撑力量，只能陷入无尽的恶性循环，走不出来；如果没有艺术，我们便没了对美好的向往和期待，没有方向的行进只走不远的，只会越来越狭碰，越来越束缚；如果设有古文化，我们便设了养分，一棵树即便有冲破云雪的志气，倘若不给它水份阳光，它也活不了太长。,1
正是基于想象力的天赋，才有了信息传递方式从”放狼烟”到现在的移动电话，QQ，微信的提升；才有了交通工具从马车到现在的高铁、地铁；才有了武器装备从大刀长毛到现在的导弹、航母。,1
感想象力能让人享受快乐、享受惊奇、享受自由、享受现实生活中少有的感受。想象力并不是创新者的专属品，在平凡的生活中想象力也能给我们带来幸福感。所以，未来属于想象力，而科学、艺术和古文化的滋养，则构成了想象力时代强大的核心竞争力。,1
"莱特兄弟想象着自己能像念儿在天里飞翔于是发明了飞机;敦煌古人想象着更靠近一点神的存在，创作了恢宏的莫高窟;中国科学家为了印证古人想象嫦娥奔月的神话故事,将嫦娥一号送上太空。",1
作为一名中华儿女，我们可真正体会传统文化的智慧和美 ，通过庄周的梦蝶，屈原的《天问》，敦煌的飞天，李白心中的皓月，梁山伯与祝英台的化蝶……这些都无时无刻在激发着现代人的想象力，,1
正是基于想象力的天赋，才有了信息传递方式从”放狼烟”到现在的移动电话，QQ，微信的提升；才有了交通工具从马车到现在的高铁、地铁；才有了武器装备从大刀长毛到现在的导弹、航母。,1
想象力是人类特有的一种天赋。想象力是”敢于批判，不断质疑”的科学精神；是在原有形象的基础上，在头脑中创造出新的形象事物的能力；是人类可以永无止境地向着无限美丽的世界前进的艺术。,1
艺术使自然更完美，也使我们的生活更完美。艺术不仅是技艺，而是艺术家体验了的情感表达。脱离了艺术的生活将变得物质化，世俗化，脱离了艺术的民族，不仅丧失了对美，对情感的追求，也丧失了对未来的无限美的追求。艺术代表精神力量，因为有了对艺术的追求，才延展了人类的无限想象力，于是凭借人力建起了中国的万里长城，埃及的金字塔，印度的泰姬陵；因为有了对艺术的渴望，于是肚里藏下了乾坤，手中编织出如水流淌的古丝绸，笔下绘就了震惊世界的敦煌壁画，唐三彩。有了艺术，我们也就有了无止境的向着无限魅力世界前进的源动力。,B
无论是各种指南针的发明还是中国天文学的诞生；无论是庄周梦蝶还是敦煌飞天；无论是儒家之礼还是道家之玄，,1
"故而我们有了探测暗物质的“吾空号”、探索深海奥秘的”蛟龙号”等大国重器;我国古代涌现了一批批伟大的思想家、文学家和政治家，最出彩的孔子儒学如今已走遍全世界，各国相继开办办“孔子学堂""，儒家思想也是我们治国理政育人的文化源泉 。",0
古有愚公移山无私奉献，而今有“太行山上的新愚公”――师德楷模李保国，全心全意为人民服务。正是这种至善至美的德，中华民族才能历尽磨难，久久不衰。正所谓，国无德不兴，人无德不立，只有具有好的道德品性才能立身行事。所以，我们要师水之利万物而不争。,0
是哲学的本喻，是道德的载体，是智慧的展现，也是精神的寄托。,1
水的以柔克刚，水的海纳百川，水的利万物而不争，如此美德，不一而足。,1
"作为家庭的一个成员,我们应该向水学习,默默地付出，让帝家人过上更好的生活;作为社会的一份子，我们应该为社会多做贡献,多谋福利，不求回报,做好事不留名;作为单位的一员,我们既是工作者，更是一名公仆，时刻为群众谋福利。",1
众人处上，水独处下;众人处易，水独处险;众人处洁，水独处秽,1
滋养万物、涤荡万物、鉴照万物,1
以史为鉴，可以知兴替；以铜为鉴，可以正衣冠；以人为鉴赏，可以明得失,1
以水为师，正是那包容万物的精神滋养了山川;正是那上善若水的含蓄润色了天地；正是那大智大善的柔和打造了祖国的大好河山!,1
就是不偏不倚，不偏离自己的人生目标，持之以恒:就是保持敬重之心，不骄傲自满，不违法乱纪;就是在共位谋其职，以求真务实的态度为群众服务，以艰苦奋斗的作风，造福于百姓。,1
水无定形，随境而适；水无常态，随温而变；水无定性，有时柔弱，有时凶猛；水坚定不移，水滴石穿；水千变万化，但本质不变，,1
我们的世界会少一些纷争、多一些合作；少一些争吵、多一些肯定；少一些枪声炮火，多一些鲜花掌声。,1
做研究，就要潜心思考、洞悉事理；搞技术，就要紧跟时代、探索创新;当老师，就要心无旁骛，“春蚕到死丝方尽”。,1
在日常生活的交往中，我们要时刻包容，掌握做事情的度；在工作学习中，我们要具有创新意识和创新精神，面对问题不死板，敢于挑战自我；在促使经济增长的过程中。我们要尊重大自然的客观规律，不宜过度更改，过犹不及；在政治参与的过程中，我们要时刻谨记当家做主的意识，积极参与政策的制定过程，充分发挥聪明才智。,1
从科学上说，水是万物灵长的生命源泉:从生活上说，芸芸众生的饮用源泉，从思想上说，水是古今大哲的智慧源泉,1
众人处上，水独处下;众人处易，水独处险;众人处洁，水独处秽，,B
为水也，滋润万物，构成生态名的重要部分人；为冰也，能够藏食物，能在炎炎夏日日给人以凉爽，能维持南极冰川常年稳定；为气也，维持空气湿润不干躁，可以加热食品，可锻炼钢铁，可传热分解。,1
水变化多端：水无定形，随境而适；水无处不在，万物皆含有水。,0
实验室的试剂之所以成功，是因为每一滴液体都恰到好处；良药之所以利于病，是因为每一份剂量都是对症而定; 河流之所以令人敬畏，是因为它适度时养育岸边万千儿女，但泛滥时却使人遭受灾难。,1
以水为师， 学习水的坚持不懈，学习水的谦虚，才能提高公民乃至国家的包容性，只有这样，人民才能找到前进的方向，社会才会进步，国家才会富强。,1
不因地区差异而区别对待，不因文化差异而心存芥蒂，不因经济差异而不公而待,1
水之柔是柔能克刚之柔，水之弱是中庸之道，水之善是利万物之善。,1
以水为师，做到至仁，至善， 有利于培育和践行社会主义核心价值观。以水为师，做到弱德、中庸，是对中华民族传统文化的继承和弘扬。以水为师，做到随境而适，是个人精神境界的提升。,1
以水为师，做到至仁，至善， 有利于培育和践行社会主义核心价值观。以水为师，做到弱德、中庸，是对中华民族传统文化的继承和弘扬。以水为师，做到随境而适，是个人精神境界的提升。,B
水是真善美的化身，是道德的载体，是智慧的展现,1
水所体现的美德值得我们虚心地去学习和感悟；水所呈现的智慧值得我们用心地去琢磨和领会；水所表现的情操值得我们细心地去斟酌和体味。,1
向水学习包容，向水学习坚持，向水学习付出，向水学习服从,1
学习水的无处不在，充分利用每一个零碎的时间来充实自己，使自己过的每一分钟都具有意义，不虚度时光，不浪费青春，让自己在有限的时间里更加充实的学习，提升自己，才能赶上时代的步伐，才能跟上发展的节奏。,0
一点一滴去穿透它，解决它，脚踏实地，一步一个脚印地去战胜困难,0
往往一个问题，困难的不是问题的本身，而是我们缺少解决它的勇气，看到困难，害怕他，恐惧他，畏惧它，让我们失去了解决它的信心，,1
二者携手悠哉于，山水之间，既乐山又乐水，仁智兼备，相得益彰，,0
水，懂得包容接纳，因此才能积小流以汇成大海；水，懂得以柔之姿态等待时机，因此才能厚积薄发汇聚成涛涛之势攻坚克难；水，懂得确立目标与宗旨，因此才能轻装上阵与万物相遇，简单而不平凡。,1
水流到乱石夹缝之中时，会随着弯道而蜿蜒流淌；流到悬崖峭壁之上时，会随地势而变进而飞流直下三千尺；水流到开阔平坦之处时，会随着大道顺势而流坦坦荡荡。,1
水是生命的本源，万物的开端，是大爱的化身，是智慧的体现,1
水海纳百川，惠及一切生物；水适度有益，过多则成灾；水结构简单，但复杂源于简单。我们要以水为师，学习水的包容性、适度性、单一性。,1
师从善动之水可以益智，师从仁爱之水可以培养君子风度、师从柔顺之水可以磨炼道德品质。,1
因势而变、顺势力导的适应性，抱朴守一、是简非繁的朴素性，海纳百川、处仁守智的包容性，也能体悟化育万物、普济众生的仁德情怀，叩其两端、执中用竭的中庸之道。,1
中国的崛起复兴之路还是在无数个普通人的奉献中实现的。我们可以不耀眼夺目，但是要发挥自己的作用，服务他人、奉献社会，也是造福于自己。水之智，惠及众生，无私无声，润物化人。,1
以水为师，做到至仁，至善， 有利于培育和践行社会主义核心价值观。以水为师，做到弱德、中庸，是对中华民族传统文化的继承和弘扬。以水为师，做到随境而适，是个人精神境界的提升。,1
古之圣贤，壮志未酬时，以水为师，换个角度，有一番新的成就。正是楚王亲小人，远贤臣，才成就屈原的楚辞，正是因为国破家亡，才成就李后主千古词王之称，正是参加会考不中，才成就郦道元的水经注。,1
以水之包容，当懂得适可而止学会包容，当懂得尊重他人的成果，六尺巷的由来，不正是因为宰相的包容吗？唐太宗的贞观之治，不正是因为广纳贤才，勇于接受接受大臣的意见吗？拔出百家，独尊儒家，不正是汉武帝广纳贤言的结果吗？,1
习水之柔、习水之容、习水之变，,1
在简政放权上做好“减法”，在后续管理上做好“加法”，在优化服务上做好“乘法”，在问题短板上做好“除法”,1
以水为师应当将水的哲学本原应用于社会治理中，做到因时而变、因地而变、因势而变，守住本原、守住原则、守住初心；以水为师应当将水的智仁之理应用于人际交往中，做到谦逊平和、温文尔雅、礼让文明，包容家人、包容朋友、包容每一个人；以水为师应当将水的中庸之道应用于经济建设中，做到适度适量、平衡守恒、恰到好处，转变方法、转变观念、转变方式。,1
时而静若处子，时而动若脱兔,0
行为的逐利化、暴力的群体化、思潮的低俗化都在充分印证这一问题的严重性。,1
导致社会结构的撕裂、阶层的撕裂、族群的撕裂、世代的撕裂。,1
从古至今蕴含的是时代的精华，是历史的见证者，是文化的收藏者，是真理的传承者，,1
有足够的宽容和理解，才能更丰富自身，去百家之长才能有自身的提升，包容别人的瑕疵缺点，有足够的容忍之量，才能使我们更好的与人相处，在社交中处于主导地位，,0
正所谓少思以养神，少劳以养力，少言以养气。,1
我们要以水为师，懂得万物皆变，顺应变化，做到灵活变通；水海纳百川，我们要明白有容乃大，水普济公生，我们要学会乐善好施；水讲究适度，虽是必需之物，但过多成灾，我们要掌握一个“度”，做到心中有数，恰到好处是我们的追求。,B
从丝稠之路到减政放权，从上合组识到美丽乡村，大到国与国，小到国与家，共同发展共同富裕，已经成为我国治国理政的核心思想，,0
以水为师，我们从水无定形中学习随境而适的处世态度以水为师，我们从水的简单结构中悟出万变不离其宗的人生哲理。以水为师，我们从海纳百川中感悟有容乃大的普惠思想；以水为师，我们从水的适宜有益中体会中庸之道的简单理论；以水为师，我们的心态更加豁达，更加乐观，更能品味美好生活。,1
不论是多元的方程，还是难解的应用题，不论是深奥的抒情诗，还是晦涩的散文，不论是复杂的单词，还是长长的句子，最终他们都源于简单算术，简单的字词，简单的字母。以水为师，我们活的更加简单，更加纯粹，更加洒脱。,1
假如没有内心深处的敬畏，我们将无法把精力投入到对水的学习;假如没有虚心求学的美德引导我们，我们将变得自高自大，不去接受外来事物，同时也不会尽心尽力去探讨水的品质精神；假如没有奋发图强的品质，我们将平庸懒情，不愿意去强化提升自己而以水为师。,1
水似乎总是和美好联系在一起，她仁爱又包容，她柔弱又坚韧，她向善又变通。,1
水虽柔弱，却不呆板，不拘束，不僵化，不偏执，,1
懂得因时而动，顺势而为，随机应变。,1
君不见，那水夏为雨，冬为雪，化而生汽，凝而成冰；遇圆则圆，逢方则方，直如刻线，曲可盘龙。,0
这种变通性，适应性，变革性，创新性都是一种智慧。,1
现在的城市雾霾天气，水被污染，资源消耗，生态破坏,0
在听其道，观其行的同时，,B
以水为师，谦谦君子，自强不息，强大却不露锋芒;以水为师，胸怀博爱，大智为先，利万物却从不声张。,0
水无定形，随境而适。正是水的流动性让我们悟出了万物皆变，我们要学习水的变。仁者普济众人，水惠及一切生物。正是水的包容性让我们懂得了接人待物的处世原则，我们要学习水的仁。水滴石穿，以柔克刚。正是水的柔顺性让我们看到了坚持的力量，我们要学习水的耐心。,B
察人之难，补人之缺，扬人之长，谅人之过,1
而不会嫉人之才，鄙人之能，讽人之缺，责人之过,1
平衡，既是一种谋略，也是一种艺术，平衡之美，美在相衡，不为一侧中，不放一侧轻，着色相平，不浓不淡，,0
将经济生产力和现实基础放在城市发展的天平上，才能为我国城市建设提供源源不断的内生动力，才能缓解发展建设中的种种矛盾，消解民众心中的不安和焦躁，才能用现实做基，为公众生活休闲，提供更大的选择权，才能让公众在城市建设的大格局下感受到好处，享受到便利，也能为城市建设的进一步开展提供强大的群众基础,1
平衡之美，美在相衡，平衡之智，迁染民智，关之盛衰，,0
正如天秤，左右匀称，谓之平衡，正如个人，工作休闲，谓之平衡;正如社会，发展蓄势，谓之平衡。,1
平衡似一鸿清泉，使人在快节奏中饮水休息;平衡似一座灯塔，照亮落后者放慢的脚步；平衡似一剂良药，使迷失者重拾信心。,1
好的教育，要最大程度地激发学生的求知欲想象力，培养卓越的学习能力，丰富的生活情趣和积极进取，乐观自信的人生态度,1
一方面企业发展追求速度，盲目扩张，另一方面部分企业遇事犹豫，决策不果断，这不利于中国经济的升级换代，不利于长远战略的具体落实，更不利于企业的做大做强。,1
然而，在中国的日益迫切希望早日富强的今天，国家不得已的加快了发展脚步；在企业发展进入关键转型期的今天，企业不得已加快了转型的进程；在超前教育市场飞速发展的今天，家长不得已把孩子送到各个补习班。,1
当工作与生活达到快慢平衡，我们才能具有更好的工作状态，创造更多的价值；当企业兼顾到快慢的平衡，才能汇聚更大的力量，荡平发展的道路；当教育实现了快慢平衡，孩子们才会拥有如鸟般的双翼，才能搏击九天。,1
企业秉承速度快可以创造奇迹，可以以弱胜强，可以抓住市场机遇的观念，,1
人口拥挤，就业难，工资低，晋级慢成为了人们追求速度的理由，,1
长应该做的是不断唤醒孩子的自律、自觉、自省，激发他们潜藏的能力、志趣、爱好，以“无用”的阅读、思考、交流来充实他们生命的厚度，拓展他们生命的宽度。,1
要不断唤醒孩子的自律、自觉、自省，激发他们潜能、志趣、爱好，,B
以“无用”的阅读、思考、交流来充实他们生命的厚度，拓展他们生命的宽度。,B
不会因为生活的艰辛而失去创造的灵感，不会因为大学的自由而变得松散怠惰，也不会因为五光十色的诱惑而失去心中的信念。,1
工作与生活达到快慢平衡，我们才能具有更好的工作状态，创造更多的价值；当企业兼顾到快慢的平衡，才能汇聚更大的力量，荡平发展的道路；当教育实现了快慢平衡，孩子们才会拥有如鸟般的双翼，才能搏击九天。,B
我们企业的发展，教育的进步 ，城市的建设，,1
快慢的协调，离不开个人，离不开社会，离不开国家，,1
企业自身发展时，重速度，轻质量，一味追求速度，忽略品质和服务的提升；学校在教书育人时，重成绩，轻成长，一味追求超前，忽略教育节奏和规律；人们在日常生活中，重工作，轻生活，一味追求物质满足，忽略精神需求。,1
飞机当天往返，火车夕发朝至，就业要抢先，毕业就买房，爱情变速配等，,B
使他们不会因为生活的艰辛而失去灵感，不会因为宽松的环境而随波逐流，不会因为五光十色的诱惑而失去人生方向,1
飞机当天往返，火车夕发朝至，教育要趁早，就业要抢先，毕业就买房，甚至爱情变速配。,1
学生忙着学习，忘记窗外花的颜色；工薪族忙着工作，健康状况江河日下；企业忙着扩张，却被市场逐渐抛弃。,1
学校要适当合理的减压，不断唤醒孩子的自律、自觉、自省，激发他们潜藏的能力、志趣、爱好，以“无用”的阅读、思考、交流来充实他们生命的厚度，拓展他们生命的宽度。,B
不会因为生活的艰辛而失去创造的灵感，不会因为大学的自由而变得松散怠惰，也不会因为五光十色的诱惑而失去心中的信念。,B
平衡好绿水青山与金山银山的关系，平衡好发展与保护的关系，也平衡好有快发展高质量，相对慢一点的发展的关系,1
在经济快速发展的今天，人人都追求一种快生活，吃饭快出“快餐”，出行快出“快车”，旅游快出“拍照行”……似乎周围的一切都与快有关。,1
让我们能够在互联网时代，不被别人超越；让我们能够在走了城市买得起房，站稳脚跟；让我们过上金钱生活。,1
不平衡的工作和生活节奏，导致人们精神疲惫和身体损害。企业发展节奏的失衡导致企业步履艰难，走向衰败。城市化进程的不平衡导致交通拥堵，环境污染等“城市病”。,1
放慢咀嚼速度，用缓和的步调去享用食物，对大地给予的粮食充满敬畏和感恩；放慢运动速度，静静地观察自己的呼吸，收获心灵的宁静和身体健康；放慢阅读速度，从文字中寻觅妙趣和意义，寻回失落的人文精神,1
过度消除陈旧，“拆真古迹，建假古董”的闹剧不断上演；过度追求“高大宏伟”，“第一高楼”相互攀比，山寨白宫频频亮相；过度追求华丽，城市风貌在照搬照抄中失了特色,1
当工作与生活达到快慢平衡，我们才能具有更好的工作状态，创造更多的价值；当企业兼顾到快慢的平衡，才能汇聚更大的力量，荡平发展的道路；当教育实现了快慢平衡，孩子们才会拥有如鸟般的双翼，才能搏击九天。,B
保持生活节奏的平衡，是生活理念。保持教育的平衡，是生活态度。保持社会发展的平衡，是生活方式。保持环境与经济的平衡，是生活规划,1
一杯水保持平衡才不会溢出，一颗心保持平衡才能有力的搏动，一个社会只有保持平衡才会健康有序的发展。,1
当悠悠然所见之连绵青山，变为急匆匆一瞥之车水马龙;当轻咂一口清茶后缓缓落笔，变为狼吞虎咽快餐后紧张工作。当我们闲适的时光越来越少，快速紧张的生活已经来临的当下,1
慢下来，让你的步伐慢一点，好在人生旅途中多看一些沿途风景，感受生活美好；慢下来，让你的步伐稳一点，好在人生旅途中找到自己的航标，稳中前行；慢下来，让你的步伐轻快一点，只为你下次跨越寻找更好的着力点。放慢你的脚步，共同走向美好。,1
不会因为生活的艰辛而失去创造的灵感。不会因为大学的自由而变得松散怠惰。也不会因为五光十色的诱惑而失去心中的信念。,B
从前，我们总会看到成群结队的孩子嬉戏玩闹；从前，我们总爱坐在电视机前等待最爱的动画片；从前，我们没什么玩具，但却乐意跟小伙伴分享色彩斑驳小石子。,1
",使他们不会因生活艰辛而失去创造的灵感,不会因生活的自由而松散懈息,也不会因五光十色的诱感而失去心中信念。",B
教育要趁早，反而影响了日后的正常学习和学习性趣；企业发展要快，却降低了企业核心竞争力；当我们为了生活，日以继日的工作，也只是把生活弄丢了。,B
对于国家来讲，政府要建立健全社会保障体系，创造更加通畅更加多元化的发展通道，你减轻人们的工作和生活压力，对社会来讲，要以现实为基础，与公众的生活需求大体平衡，把选择权交给公众。,0
平衡不是让学龄前的孩子只顾天真与无邪而不顾个人的发展，不是让学生只顾玩耍和放松而不顾学业和成绩，不是让员工只顾休息同娱乐而不顾工作和家庭，不是让企业只顾眼前利益而不顾长远发展。,1
平衡是让学龄前的孩子们，激发天性，保护个性，培养良好的学习能力，形成浓厚的学习兴趣。平衡是不断唤醒学生的自律，自觉，自信，激发他们减仓的能力，志趣爱好充实自身生命的厚度，拓展自身生命的宽度。平衡是鼓励员工积极的调整心态，找到适合自己的节奏和平衡点，留出空间去调整身心状态，审视事业的计划和目标，体会人生的意义。平衡是警示企业要摸索市场发展的规律了解消费人群的需求，构建合理的管理架构，完善细节管理和风险控制机制瞅准发展时机，扩大市场份额。,1
量好快与慢的度，才能让企业走得更长远。摆好快与慢的天平，才能让社会发展的更健康。端好快与慢的水，才能让国家变得更强大。,1
个人的求快，使人心浮躁，丧失认真审视的状态，偏离人生的轨迹。企业的求快，导致管理的失衡，风险控制的被破坏，使发展步履艰难。政府的求快，忽视社会的平衡发展，罔顾民众利益，反而给社会主义建设事业添堵,1
激发他们潜藏的能力，充实他们生命的厚度，扩展他们生命的宽度。,1
保持“快”与“慢”的平衡，让社会发展做到点上开花，线上结果，面上出彩；让灵魂更上时代脚步；让心灵自在生长；让平衡彰显价值！,1
为了生活，我们要努力工作，因此而快；为了抢占市场先机，企业不断扩张，因此而快；为了跻身世界发展前列，国家不断调整速度，因此而快；对于快我们有千万种理由，,1
经济与环境相平衡，可以造福后代；效率与质量相平衡，可以促进企业长久发展；市场与政府相平衡，可以安居乐业；工作与生活相平衡，可以使人更加健康。,1
生活的压力，工作的压力，就业压力，上学压力，子女未来发展的压力，等等各种压力，,1
节奏平和，心态平衡，教育平衡，发展平衡，,1
只有节奏放慢了，心态放缓了，路子宽了，眼睛闪光了，找到了真正想去实现的价值这样，真正的意义和初衷，才能真正实现社会的平衡,1
小船在水面上摇荡，若是没有桨，便会翻船跌入水中;蜜蜂在花丛中飞行，若是没有翅膀，便无法采集花蜜，传播花粉;树叶从枝上飘落，缺乏了平衡，便零落成泥。,1
为了求快，我们曾经肥猪赛大象，全社吃一年”；为了求快，多少企业顾此失彼，淹没在时代的浪潮中；为了求快，填鸭式教育盛行，多少人不知童年乐趣何在。,1
一碗水只有端平才不会洒出来；一座桥只有受力均衡才不会坍塌；一颗心只有平衡才不会停止跳动。,1
对于个人而言，保持生活节奏的快与慢，能够获得闲适的心情，享受悠闲的生活；对于企业而言，保持发展节奏的快慢平衡，能够以更稳的、更具体核心竞争力的姿态去应对未来的新常态；对于社会而言，保持快与慢的平衡，正是社会更加成熟自信、文明进步的一种表现。,1
“十年磨一剑”的耐力，以“咬定青山不放松”的定力，以“有志者，事竟成”的毅力,1
一个城市不仅要提供平整宽阔的道路、鳞次栉比的高楼，也要有充分的医疗教育资源、完善的休闲健身场所，还要有系统多元的人文价值与文化艺术塑造的环境。,1
有些城市基础设施建成了，放松娱乐的人们却消失了；城市经济发展起来了，民族传统文化、居民赖以生存的环境却破坏了；社会富裕起来了，贫富矛盾、社会治安却恶劣起来了。,1
反观我们周围，每天都能听到机器轰隆轰隆的声音，一片片地区被开发，整个城市显得越来越紧凑，商业区与居民区好似在争夺地盘，又像是在争奇斗艳，而当人们想要出去散步跳舞的方都不好找，我们在建设的时候，为什么不能为所有居民多设置几个公共空间呢？,0
平衡好有和无的关系。在发展经济的同时，既要保护传统文化，保护中华民族传统精神血脉，还要注重民众生活体验，丰富其文化生活。又要政府转变观念，强调共享，处理好有和无的关系，既要发展经济来丰富民众物质生活 为民族复兴打下物质基础，处理好无，就要改善群众生活，合理分配社会资源，,1
决不能让知识的“高度”赶不上品德的“高度”；不能让学习的快乐消磨了学习的动力；不能让智力的增速赶不上金钱的增速。,1
唯有平衡，方能发展；唯有平衡，方能实现全面小康，唯有平衡，方能立足长远。,1
好的政策就如同冬日的暖阳，为民众送去温暖；好的政策如同一缕春风，吹散不良社会风气；好的政策又如同一盏航灯，让人们在迷航中找到前进的方向。,1
可以教民以德，教民为善，教民以廉耻，教民以诚信，教民以自律，教民以人伦,1
好政策要基于实地考察，因地制宜。好政策要能把复杂的问题简单化，要要对晦涩难懂的问题制定详细具体的规定，举重若轻及时做好解释工作。好政策要合理的发挥政府和市场的作用，要有一个良好的多方面综合分析的反馈系统。,1
是满足公民意愿的关键，是丰富公民精神生活的前提，是中实现中华民族伟大复兴的基础。,1
古有苏东坡治理西湖，为当地百姓谋福利；古有张居正一条鞭法，复杂问题简单化；古有董仲舒“罢黜百家，独尊儒术”,1
是以人为本的、因地制宜的；是规则统一的、化繁为简的；是易于理解的、便于实施的；是调试渐进的、及时纠偏的。,1
好的政策要以民为本，为民着想，好政策的制定要注重实地考察，因地制宜;好的政策要形式多样，内容通俗易懂，带动群众积极参与;好的政策还应化繁为简，灵活创新,1
好的政策不仅维护公共利益、改善公民生活;而且促进社会和谐、提升公民素质，更重要的是促进中华民族的伟大复兴，使我国人民更有尊严的存于世界强国之间,1
这些政策之所以经得起历史考验称之为好政策，就在于苏东坡以民为本满足百姓用水需求，就在于张居正删繁就简方便百姓，就在于如今党和国家真正想群众之所想、急群众之所急。只有真正满足人民需要，顺应时代潮流的政策，才是真正的好政策。,1
好的政策就如同冬日的暖阳，为民众送去温暖；好的政策如同一缕春风，吹散不良社会风气；好的政策又如同一盏航灯，让人们在迷航中找到前进的方向。,1
好的政策便如定波的堤，蓄洪的坝，引流的堰一般，养得一江水，载国一同向前而行。,1
苏东坡的制定的良好政策不仅解决了居民颗以生在的饮用水问题，还为村民增加了劳动收入，不仅为西湖增添了美景流传至今，更为管理者提供了良好管理范本，更成为管理者服务于 民的千古住话。,1
如风万般黑夜中的一盏明灯，照亮每一个角落、如山重水复疑无路.柳暗花明又一村的豁然开朗，如果一爽艘船没有一个好的舵手，难相象它将泉驶向向方，是迷途还是阳光大道有着太多的来知。正如一艘船需要一个良好的舵手一般，,1
好的政策，犹如一股甘甜的清泉，滋养人心；犹如一阵徐徐的清风，吹拂心扉；犹如一缕冬日的暖阳，温暖心灵……,1
某些关键领域的“好政策”已成为了人民群众期盼的“甘霖”“雨露”；成为促进社会发展的“牵引机”、“助推器”和“加速器”。,B
转变经济发展模式，调整产业结构改革，打出转型升级组合拳，,1
我们要把政策深入人心，没有政策，人民大众可能生活在水深火热当中，如果没有政策，社会也不可能长治久安，如果没有政策，国家发展也将成为空谈。,1
水是真善美的化身、是哲学的本喻、是道德的载体、是智慧的展现,B
它滋养万物而从不争夺，它清清白白能够映照万物，它遇困境从不退缩,1
水不择细流，故能汇聚成汪洋大海，成就其深邃；水不排斥万物，故能厚德载物，成就其宽厚,0
或洄旋，或分流，或冲击，或另辟蹊径,B
如遇悬崖，便成瀑布；如遇沟壑，变成溪流；如遇巨石，便绕道而行。,1
上善若水，水所具有的精神值得我们去认真领悟，这是一种奔流不息永不言弃的精神；是一种适应万物稳步前行的姿态；是一种海纳百川有容乃大的智慧。,1
水是哲学的本喻，是真善美的化身，是道德的载体，是智慧的体现，是情操的折射。,1
以水为师，学习水以柔克刚的智慧，学习水静如处子 动如脱兔的智慧，学习水千变万化的否定之否定的哲学道理，学习水滋养万物的包容仁爱的高尚情操。,1
妙手仁心的医生一次次从病魔手中夺回患者的生命;传道授业的老师一声声真切的教导;人民警察一次次出警抓获犯罪分子;各界爱心人士一次次的善意捐助....…,1
没有屠呦呦的坚持，青蒿素又怎能惠及大众;没有袁隆平的坚持，13亿大国的粮食问题又怎样解决;没有共产党坚定不移走社会主义道路，中国又怎能从站起来到富起来再到强起来。,1
马云，没有拼搏精神，又怎能成为电商之父;女排姑娘，没有拼搏精神，又怎能获得奥运冠军;中国高铁，没有拼搏精神，又怎能走出国外。,1
不因事艰而不为，不因任重而畏惧，不因困难而退缩,1
当水遇到高山险阻时，或洄旋，或分流，或冲击，或另辟蹊径；,1
在这里水还是真善美的化身、是哲学的本喻、是道德的载体、是智慧的体现。,B
水，柔而能克刚，日夜的坚持让它克服坚硬；静而能映物，映照世间的一切美好与污浊；动而能变化，化气为雨雪，化雨雪为冰雹，不同的存在形态让它适应了任何环境；滋养万物而从不争夺，越过高山险阻，它给每一条生命带来希望。,1
在伟大的思想家眼中水还是真善美的化身，是哲学的本喻，是道德的载体，是智慧的展现。,B
水在伟大的思想家眼中不仅仅是物质，还是真善美的化身、是哲学的本喻、是道德的载体、是智慧的展现。,B
唯有全力打造文化强国，才能获得坚定和持续的发展信心，唯有清醒认识文化强国的路径，才能找准中华文化的未来方向，唯有坚定文化兴国的信念，才能铸就一个国民生活中坚韧精神纽带，,1
和泥土拾配，它滋养作物；和食物搭配，它做出美味佳肴；和颜料搭配，它变成水墨画……,1
是哲学的本喻，是道德的载体，更是智慧的展现。,B
它还是真善美的化身、是哲学的本喻、是道德的载体、是智慧的展现，,B
如水一样的坚持，才会塑造出一个人的品质，才能从容淡定的面对人生中的挫折，才能处理繁琐的事情，完善我们的人格,1
若是悬崖，他便澎湃；若是平原，他便温柔；若是山谷，他便欢快。,1
以水为师，学习的是有容乃大的胸怀；以水为师，学习的是水滴石穿的坚持；以水为师，学习的是灵活变通的灵动。,1
只有以水为师，我们才能够向水一样，柔而能克刚，静而能映物，动而能变化，滋养万物而不争夺。,1
水，柔而能克刚，静而能映物，动而能变化，滋养万物而从不争夺。,B
爱护水，才是生存之道，发展之道，繁荣之道。,1
水不仅是一种物质，它还是万物之主宰，它也是真善美的化身、是哲学的本喻、是道德的载体、是智慧的展现。,B
水在一汪圆形的水潭里，水就是圆的；水在一条越宽又长的河里，水就是长的；水在一个方形的碗里，水就是方的......,1
从贫瘠的土地到一望无际的金色麦浪；从泥泞的小路到平坦笔直的柏油马路；从低矮的平房到高耸入云的摩天大楼......中国这几十年来翻天覆地的变化令人惊叹。,1
那些爱恨情仇被自称儒雅风流的文人抛向她，那些战火纷飞的年代里太多的腥风血雨涌向她，那些太平盛世里的歌舞升平仍是飞向她。,1
她将血液渗入大地，滋养那些在黑暗中缓缓生长的根；她将乳汁献给世人，哺育那些日出而作、日落而息的龙的传人，她将眼泪洒向大地，轻吻那些干涸的嘴唇。,1
她给莲花一池水，绐稻花菱角一捧土，给月光一个温柔的倒影，给孩童一片嬉戏的乐园。,1
水不仅是物质、还是真善美的化身、是道德的裁体，是智慧的展现，是哲学的本喻。,1
"在鱼缸中,水就与鱼缸状一致；在水杯中，水就与水杯形状一致；在河流中,水就随河道形状的变化而变化自身形状。",1
我们不会再以恶制恶，以硬碰硬，不会不撞南墙不回头，不会找不准自己的位置，盲目自大或自卑，不会因一点小事而斤斤计较。,1
"水之道，在于其柔，不然是刚硬也战胜不了的柔；水之道，在于其静，在静中思考,在静中感受生活;水之道，在于其包容,包容世界万物,和谐发展,才能与国家一起创造美好未来。",1
从古至今，水不仅仅是一种物质，更是真善美的化身、是哲学的本喻、是道德的载体、是智慧的展现。,B
水之美，在于其能增色添彩。让人们忘记城市的喧嚣，内心获得片刻宁静；水之美，在于以其声，以其色，以其形，让人逃脱樊笼，复返自然；水之美，在于其能滋养生命，感受水给我们带来的生机活力。,1
水之德，在于继承与弘扬中华民族的传统美德，即礼义廉耻；水之德，在于构建文明城市的道德，传播文明行为；水之德，在于助人为乐，严于律己的品德。,1
水是生命的源泉，水教会我们用真善美来处理人与环境之间，人与社会之间，人与城市之间，人与人之间的关系，让每个人都能提高智慧与情操，用仁爱之心回报社会，用美德营造和谐氛围。,1
以水为师，习水之长，海纳百川、有容乃大是一种美德与智慧；无私奉献，舍己为人是一种仁义与大爱；坚持不懈、有勇向前是一种果敢与豪迈。,1
水是生命之源，是生产生活不可或缺的物质，然而在伟大的思想家眼中，水也是真善美的化身，是道德的载体，是智慧的展现。,B
支月英奉献36年美好年华，为大山里两代人的童年送去希望，秦h飞放弃大好发展机会，扎根湖南农村；袁隆平投身农田数十年，只为13亿中国人能够粮食足。,1
水不仅仅是一种物质，在伟大的思想家眼中，水还是真善美的化身，是哲学?的本喻，是道德的载体，是智慧的展现。,B
人与人之间相互包容，才能形成和谐社会；国家与国家之间相互包容，才能形成美好“地球村”；文化与文化之间相互包容，才能形成“百花齐放，百家争鸣”,1
水，不仅仅是一种物质，还是真善美的化身，是哲学的本喻，是道德的载物，是智慧的体现。,B
最美好的善就如同水一样，柔而能克刚，静而能映物，动而能变化，滋养万物而从不争夺。,1
以水为师，学习水坚韧不拔的毅力，坚信一切敌人都是纸老虎，没有克服不了的困难；以水为师，学习水静能映物的态度，端正姿态，重拾初心，做好人民的公仆；以水为师，学习水的动而能变化，想百姓之所想，以民为本，为民而动，推动惠民政策的落地有声，赢得人民的支持与拥护。,1
水是真善美的化身，是道德的载体，是智慧的展现。,B
"同学、朋友间相互包容,相互理解，能增进友谊，减少互相伤害、稳固友谊之桥。家人、邻里之间相互包容、展现的是家庭和睦、其禾融融，展现的是社区里的良好、和谐氛围，居民的高素质;同事、领导与下属间相互包容，能营造一种良好的工作氛围，提高工作效率,",1
世间最善最美最真的东西便是水，它柔而能克刚、静而能映物、动而能变化，滋养万物、海纳百川却从不争夺。,B
是真善美的化身，是哲学的本意，是道德的载体，也是智慧的体现。,B
水还是真善美的化身、是哲学的本喻，是道德的载体，是智慧的展现，,B
"这时我们就要以水为师，向水学习，学习水的以柔克刚,静能映物，动能变化，滋养万物而不争的精神，学习水海纳百川，包容万物的气度，学习水能顺流而下，随适而动的智慧。",B
从水滴石穿的故事中，了解它默默坚持直至胜利的沉稳；从聚水成海的现象中，知道它点滴积累、不争不抢的成熟；从随处可见的事实中，明白它润物无声、不求回报的深邃。,1
水，柔而能克刚，静而能映物，动而能变化，滋养万物而从不争夺。,B
它让小草青翠欲滴，让花儿芬芳艳丽，让生命如此多娇。,1
它可以是一望无际的大海，可以是涓涓细流的小溪，可以是锐能穿石的水滴。,1
当它遇见石头时，可以改变流道，当它遇见树木时，可以遁地而行，当它遇见强光时，可以飞天而去。,1
水是真善美的化身、是哲学的本喻、是道德的载体、是智慧的展现。,B
水，柔而能壳刚，静而能映物，动而能变化，滋养万物而从不争夺。,B
水能给人类和世间万物提供滋养，水能将船只运输到大洋彼岸，水能灭火救灾，是城市的备用水源。,1
水无私，滋养万物从不争夺，水清明，映照万物而发人深思，水秀美，装饰万物舒缓疲惫的心灵，,1
"以水为师,能让我们戒娇戒躁，平心静气的学习知识，以水为师，能让我们清醒的认识自身的缺点与优点，以水为师，能让我们拥有更加广阔的胸怀",1
水就是真善美的化身，是哲学的本喻，是道德的载体，是智慧的展现。,B
还是真善美的化身、是哲学的本喻、是道德的载体、是智慧的化身。,B
水柔而能克刚，动而能变化，滋养万物而从不争夺。,B
我们的智慧和情操就一定能得到提高，人的思想得到升华，社会发展质量得到提升，,B
"水，柔而能克刚，静而能映物,动而能变化，滋养万物而从不争夺。",B
柔能克刚，静能映物，动能变化，,1
学习水海纳百川的包容，学习水灵活变通的智慧，学习水以柔克刚的精神，,1
遇高山险阻时或洄旋，或分流，或冲击，或另辟蹊径，,1
以水为师，可以学习水的包容；以水为师，可以学习水的变通；以水为师，可以学习水的坚持。,B
前有几十年生活拮据却攒下钱资助孩子们上学的白芳礼老人，后有捐款多年献血几十次，事事他人为先的“好人”郭明义；前有危机时刻牺牲自己保护学生的谭千秋老师，后有不顾自身安危伸手接住坠楼孩子的“最美妈妈”吴菊萍，,1
水之真，体现在其色透明，一览无遗，毫无保留地展现自己；水之善，体现在其滋养生命，无私奉献，不争不抢；水之美，体现在其充满着智慧，能以柔克刚，水滴石穿，随遇而安。,1
学习它的真善美，学习它的处事智慧，学习它的奉献精神，学习它的包容的品格,1
以水为师，不仅仅是对智慧的体悟，更是对心灵的升华;以水为师，是对社会发展的引领，更是人与自然和谐共生的呼唤;以水为师，是国家兴旺发展的命脉之基。,1
水还是真善美的化身、是哲学的本喻、是道德的载体、是智慧的展现。,B
柔而能克刚，静而能映物，动而能变化，滋养万物而从不争寺。,B
"体会水的柔而克刚,静而映物,动而变化,滋养万物而不争夺的智慧所在,",B
是哲学的本喻、是道德的载体，是智慧的展现,B
学习水柔能克刚，我们可以学习解决问题的方式方法，懂得坚持不解的力量，学习水的静能映物，我们可以更清楚的认识自我懂得反思自省时刻警醒着;学习水动的能变化，我们可以不断创新，顺应时代，顺势而为。学习水滋养万物从不争夺，我们可从学得奉献淡泊名利获得内心的宁静,B
水是动态的，在天上，水是云彩，在空中，水是雨滴、雪花，在地上，,1
水是真善美的化身，是哲学的本喻、是道德的载体、是智慧的展现，,B
柔而能克刚，静而能映物，动而能变化，滋养万物而从不争夺，,B
水滴石穿，水又能以柔克刚；水虽一直在流动，却又能静而映万物，这又是动静结合的智慧；水又是各种生物赖以生存的环境，这又体现水包容万物的心胸。,1
她仁爱又包容，她柔弱又坚韧，她向善又变通。,1
水是真善美的化身，是道德的载体，是智慧的展现。,B
水柔而能克刚，静而能映万物，动而能变化,B
网红直播的浅薄挤走了古文典籍的深刻，娱乐至死的观念取代了自强不息的精神，个人主义的思想消磨了家国天下的情怀,1
延安的红色旅游方兴未艾，因为它唤醒了对革命先辈的崇敬与感恩；妈祖被世界各地的华人信奉，因为她代表着千百年来人们祈求出海平安与顺利；长城享誉国际，因为它见证着古老中国的沧桑与辉煌。,1
传承雷锋无私奉献的精神，传承屈原的爱国精神，传承戚继光的大无畏精神，,1
它们是前辈们智慧的结晶，同时也是时代变迁的见证者，更是历史朝代及文化演变的记录者，,1
从贺兰山岩画到三星堆铜像;从木牛流马到阿房宫:从雷峰塔到万里长城,1
就如鹤溪缸窑的技艺精湛，又如妈祖文化的历代相传，更有皮影表演的声形并茂，,1
从炎黄二帝到第一个封建社会夏朝的建立，从仓颉造字到嫘祖养蚕；从战国时代到西汉时期，从指南针的发明到造纸术的应用。,1
古香古韵的苏州园林展现着皇家休闲娱乐的闲情趣事;老北京胡同讲述着古时人来人往的热闹情景；作为民族精神象征的万里长城诉说着战争与防御的敌进我退、敌退我进。,1
"都江堰反应着天人合一、道法自然的精神；长城反映着我们抗击外敌、不屈不挠的勇气;孔庙更承载着儒象“仁”精神,",1
"透过思子台，我们可以感受到汉武帝思念其子之情;透过抗战遗址我们可以重现那段血雨腥风的时光，更加珍惜现在的美好生活;透过儒家经典，我们能够真正理解历史中所发生的事件,深刻把握每一位知识分子行为背后的原因。",1
气势恢宏的秦始皇兵马俑代表了我们中华民族悠久的历史，《兰亭集序》代表了我们精湛的书法艺术，洛阳龙门石窟代表了佛教对中华传统文化的影响，长城更是代表了我们中华民族抵御外来入侵的决心,1
探索先人的生活面貌，感受先人的超凡智慧，欣赏先人的艺术创作，,1
只有保护了物质文化遗产，才能保护群众的历史记忆和文化归属感，才能保持城市的文化特色和精神内涵，才能保留民族的传统文化和民族特性。,1
感谢祖国的昌盛，感谢社会的文明，感谢中华的文化,1
"我们要传承它的精神，为我们的将来提供鲜活的血液，我们要继承它的衣铱,将它的价值与财富撒向社会，激浊扬清，给社会带来清风。我们要学习它的信仰，教育好子孙后代，给人民传输能量。",1
让我们和后代子孙都能感受文化遗产带来的实惠，感受其润物无声的魅力，感受其博采众长的精深。,1
不少地方斥亿万巨资生造文化和虚假民俗有之;拆掉古城而改建粗制滥造的“仿古街有之;把一此历史传说文学故事有道德污点的人尊为名人“有之。,1
"保留下良好的中华文华有利于延续民族文化的血脉,有利于传承传统精神的内涵,更有利于提开国家文化软实力，",1
从楼兰古国遗址中我们认识到保护环境的重要性，从三星堆中我们认识到先人的智慧和权力被滥用的危害，从古埃及金字塔我们认识到群体力量可创造奇迹,1
让文化安全意识深入人心，让民众懂得珍惜文化遗产，让法律构筑文化保护的坚强堡垒，让文化继续闪耀光芒。,1
只有我们传承和弘扬中华文化，保护和保留文化，才不会对逝去的文化感到惋惜，我们的文化遗产也得以保留，只有坚守我们文化遗产，才能扛得住外来的文化冲击，只有我们坚守文化，才能更好的展示民族精神才能实现中国梦，屹立在世界民族之林。,1
那是一种根，是一种魂，是我们能够为之骄傲的东西，,1
简易的四合院变成了高楼大厦，精妙的书法变成了屏幕上的立体字，香喷喷的大锅饭变成了只要简单操作就能烧饭的电饭煲。,1
因文化而兴起，因文化而发展，因文化而兴盛，,1
保护文化遗产、热爱文化遗产、传承文化遗产、创造性地利用文化遗产,1
如果没有贺兰山岩画，在逝去的岁月面前，我们恐怕无法得知远古先民对生活的勇气和情感；如果没有各地的妈祖庙，在逝去的岁月面前，我们恐怕无法解读出无私、善良、亲切、慈爱、英勇的妈祖文化；如果没有鹤溪缸窑，我们又如何获得浙南地区陶瓷发展的鲜活史料,1
就要巩固人民的信任、争取人民的支持、凝聚多人民的智慧，依靠人民的力量。,1
鹤溪缸窑的故事告戒我们，文化遗产正在人门的淡忘中走出我们的生活，完美的制陶工艺将不复存在;“枫泾寻画”的古镇在告诉找们，文化特色不容我们忽视:;豫园的成功改造在告诉我们，文化综合体的“石”需要我们保护，而”菊儿胡同的实例也告诉我们，顺应“石”的机理很重要，,1
既要心怀过去，也要活在当下，还要面向未来。,1
要去思考必须思考的问题，去做必须做的事情，去收获属于自己的小确幸。,0
"当然，并不是在原地踏步中忙碌，而是在思考中忙碌，在坚守中忙碌，在创新中忙碌，尽心尽责地忙碌，为了我们坚守得文化，民族，国家,以及心中那份情怀，成就我们未来。",1
面对如此丰硕的成果，有的人沾沾自喜，沉述过去，追求享乐，停下了前进的脚步；有的人沉迷斗剧、穿越剧的跌宕剧情，忘却了传承五千年的文化积淀;也有的人忙然又茫然，把本应朝气蓬勃的自己过成了一具行尸走肉。,1
不论是造纸术等发明，还是《红楼梦》等文学创作，不论是国产大飞机翱翔蓝天，还是复兴号列车驰骋中国大地，这些忙碌都为民族进步输送了源源不断的动力。,1
前人将巴黎小镇译为”枫丹白露“ ，将佛罗伦译为“翡冷翠”，将加州公园译为“优山美地”。,1
回首昨天，我们付出了巨大努力才看清我们所在的蓝色星球，才弄清我们进化成人的过程；立足现在，我们必须勤于思考，砥砺前行，方能实现自我价值；展望未来，通过我们的不断努力，中国传统文化将会发扬光大，中国特色社会主义将长盛不衰，中华民族伟大复兴的中国梦终将实现。,1
有的人奔赴着潮流，却只能侥幸抓住它的尾巴；有的人激流勇进，站在风口浪尖上挥金如土；有的人故步自封，一辈子庸庸碌碌自怨自艾。,1
国家是我们的港湾，是我们的后盾，是我们的依靠。,1
从北京烤鸭到天津狗不理包子；从云南过桥米线到重庆火锅；从一心堂药业到福林堂药业,1
是时代的号召，是时代的潮流，是时代最强音。,1
曾记否，我们有当一个科学家的梦想，曾记否，我们我当解放军保家卫国的梦想，曾记否，我们有打下一片天的雄心壮志！,1
我们始终在忙碌，忙碌着思考更多的可能去创造发展机会，忙碌着建设更加自信的社会主义文化强国，忙碌着发扬更具影响力的中华优秀传统文化。,1
学会思考，让忙碌更有效率，学会努力，让幸运更加丰厚，如此，我们才会在有限的时间里完成更多的事，才可以避免在原地踏步，毫无价值的忙碌。忙碌需要懂得思考，行动也需要努力勤奋，这是一种智慧，更是前进的催化动力，让我们的人生、我们的文化、我们的民族以及我们的国家不断前行。,1
在学习中超越，创作更多体现中华文化精髓、反映中国人审美追求、传播当代中国价值观念、又符合世界进步潮流的优秀作品。,1
在这个经济高速发展，人们处在一个外富而内贫的状态，不管是儿时的节日，还是玩具，都超越了本身的意义，成为了一个时代最温情的记忆。随着年龄的增长，社会城市的建设，生活水平的提高，从小院变成高楼，曾经的传统节日，传统习俗逐渐被淡忘，洋节日，网络，游戏取代了传统节日习俗。春节包饺子变成了速冻饺子；年夜饭的对话交流变成了手机抢红包。经济高速发展，科技日益强大的同时，换来的是传统习俗，人与人情感交流能力衰弱。所以，经济发展，科技腾飞的同时，应加大对传统文化，民族精神宣传，弘扬中国传统文化，举办专栏，进行非物质文化遗产的申请，加强相关保护中国传统文化的政策。中国传统文化习俗，是一个国家珍贵的财富，不能因为时代发展，人们的遗忘而消失，只有将其保护并传承，才能建设具有中国特色的社会主义现代化城市。,B
只有忙碌起来才能逐梦自己的未来；只有忙碌起来才能逐梦家庭的未来;只有忙碌起来，才能逐梦国家的未来。,1
笛卡尔闲躺于草地仰望星空时思索出了坐标;牛顿树下打盹儿被苹果砸中时发现了重力;莱特兄弟渴望鸟儿飞翔时的放松便发明了飞机。,1
智能手机的出现，让人们不出国门尽知天下事；复兴号双向首发，让中国高铁站在了世界前列；人工智能、大数据、云计算引领支撑中国经济的快速发展。,1
以创新求文化之繁荣，以创新谋民族之富强，以创新图国家之昌盛。时不待我，赶紧行动起来用创新做帆为祖国繁荣昌盛之梦起航。,1
实干是勤于思考，分清主要矛盾与次要矛盾，找准自身定位，牵住牛鼻子。实干是精准发力，以精度推动力度，珍惜精力，减少内耗，追求高效。实干是心无旁骛，臻于完善。,1
强国之路，还很长。路上注定困难崎岖，做为民族一份子，需要前行和思考；文化做为国家之魂，亦需要坚守，创新和发展；做为经济衡量指标的企业，,1
我们花费了大量的时间才理清历史脉络，付出了巨大的努力才知道生命的奥秘，积累了无数的思想成果才有了如今的学术成果……,1
从钻木取火到结绳记事，从盖屋造房到冶炼金属，,0
浙江的一对老夫妻在退休后开始自驾游，并将游历著成一本多达五万字的书; 中国近代史上的孙中山先生，一生中几次护法，几次革命，屡败屡战，始终未曾言放弃; 大文学家鲁迅先生，为了拯救国人的思想，从根本上解决问题，毅然决定弃医从文。,1
文化是拥有美妙意境的诗词歌赋，文化是拥有建筑美感和铿锵韵律的方块文字，文化是拥有情怀与精神的中华老字号。,1
面对浮躁肤浅，面对伪科学谣言，面对娱乐快感，,1
美在风韵和气度，美在独立与清醒，美在亲和与鲜活。,1
生活忙起来是一种态度，遇到困难不逃避的态度，生活忙起来是一种境界，坚守底线、坚持奋斗的境界，生活忙起来是一种哲学，思考未来积极规划人生方向的哲学，,1
我们的文化在警醒我们忙碌起来，我们的民族在呼唤我们勤奋起来，我们的国家需要我们思考起来！,1
通过思考，我们找到解决问题的方法，通过思考，我们提高了生产效率和社会发展，通过思考，我们积极积极创新?，紧跟时代的步伐。,1
用“过滤”式学习方法进行信息筛选，保持清醒的头脑；用学习增强自我保护能力，用行动去丰富自我，拒接“忙”信息。,1
从四大发明到诗词歌赋，从笔墨纸砚到汉字载体，从汉唐盛世到长城故宫，,1
社会的发展、时代的变革，需要我们勤奋、需要我们创新，需要我们去探索，,1
只有勤于思考，勇于创新，文化才能繁荣、社会才能发展，国家才能强大，我们的中国梦实现之日才会可期。,1
没有思考的忙碌，唐诗宋词的韵味少了淳厚，没有了思考的忙碌，娱乐文化对传统文化的引用少了“阳春白雪”，也少了“下里巴人”;没有了思考的忙碌，“佛罗伦萨”将只会是冰冷的地名。,1
"多思多品文化之美，则文化兴；多思多改企业的情况，则企业兴，则国家富强；多思多想人生的定位，则百姓幸福,则民族强盛。思考特别是勤于思考。",1
一个有价值的人生，能给国家创造奇迹；一个有价值的人生，能让生命更丰富多彩；一个有价值的人生，是自己最大的财富。,1
他是略过不打紧的事情，把好钢用在刀刃上；它是分清事情主次轻重，珍惜自己的精力；它是长于把握一切，有条不紊。,1
从个人而言，能提高生活效率，将越过越好；从社会而言，让社会充满智慧；从国家而言，使国家输入新鲜的血液。,1
唯有勤于思考才能让文化自信，文化走出去；唯有善于思考，才能让民族创新，品牌革新；唯有乐于思考，才能让祖国走正确的道路，完成“两个百年目标”。,1
忙碌?，是当代中国的鲜明特征；忙碌，是当今世界的时代主题；,0
今天的中国，走的是人间正道，求的是康庄未来；今天的中国，行的是光辉真理，为的是天下归心。,0
从龙头饮料公司抓住机遇?，求新求变获得重生；到药品老字号推出中草药牙膏扩大品牌文化内涵；从中药店卖咖啡引起轰动效应，到手机公司以品质为理念成为行业新贵，从耶鲁农村官秦时飞放弃高薪扎根农村获得万人尊重，到大国工匠李万君深入实践研究填补国内技术空白,1
"思考,让我们明确发展方向;思考,让我们找准发展时机;思考,带领我们实现中华民族的伟大复兴。",1
"思考,让我们永远保持独立、统一;思考,让我们努力、发展；思考,让我们富强、繁荣。",1
我们的文化在与外来文化交融，我们的民族在为了伟大复兴而奋斗，我们的国家也在为了实现现代化而不懈努力着，,1
对自己负责，对工作负责，对国家负责，,1
现在时刻是建设“一带一路”的关键时刻，是实现全面建设小康社会的关键时刻，是让人民获得“幸福感”的关键时刻……,1
青年，是民族的根基，是民族的希望，是民族的未来，,1
"思考,让我们明确发展方向;思考,让我们找准发展时机;思考,带领我们实现中华民族的伟大复兴。",B
"我们只有思考,才能把握住每一个实现中国梦的机会;我们只有思考,才能拥有每一个共同进步的机会;我们只有思考才能抓牢每一个努力奋斗的机会。",1
"思考,让我们永远保持独立、统一;思考,让我们努力、发展；思考,让我们富强、繁荣。",B
不致于面对困境，就想着逃脱；面对繁重任务，想着偷懒；面对缺乏激情的生话，想着怨天尤人,1
人类之所以不同于动物，师因为他们拥有自己的思维，可以自己思考;人类之所以不同于动物是因为他们拥有自己的思维，可以自己思考;人类之所以强于动物，是因为他们会思考，可以创造、利用工具。,1
倘若从来都没有思考，就没有火的发明与利用，没有石器时代，更不会有现代文明。没有大脑的思考，也许我们就像普通的动物一样，四肢行走，吃着带血的生肉。没有大脑的思考，就不会有四大发明，没有航空母舰，更不会想到探索外太空。,1
如果没有了传统文化的坚守，我们身边就会充斥着“毒鸡汤”“伪科学”；如果没有了“信达雅”的要求，我们的翻译就会变得义不能达，形不能表；如果没有了必胜的信心，我们的军队将一触即溃，一盘散沙。,1
有利于去除肤浅浮躁、培养耐心；有利于有效、独立、精准地表达文化内涵；更有利于保持清醒、坚守底线、树立文化自信,1
如果不能做到在忙碌中勤奋，就不能收获幸运；如果缺少在忙碌中勤奋，就不能积累经验与财富；如果没有在忙碌中勤奋，国人只能躺在历史的功劳簿上高枕无忧的睡大觉。,1
爱迪生善于思考发明了电灯。屠呦呦善于思考提取出青蒿素造福人类。苏轼善于思考写下“大江东去浪淘尽，千古风流人物”,1
我们只有每天勤奋一点点，努力一点点，进步一点点，,1
我们为上下五千年的历史文明而自豪，为我们国家的进步而欣慰，更为我们民族的光明前景而备受鼓舞。,1
我们的亲人需要我们，我们的祖国需要我们，我们的世界需要我们。,1
企业是中华振兴之基，文化是中华振兴之魂，年轻人是中华振兴之希望。,1
一个人如果只活在过去便失去了探索明天的斗志和勇气；一个民族如果只活在过去便失去了传承下去的信念；一个国家如果只活在过去便要沦为“落后就要挨打”的境地。,1
勤奋对于个体可以实现个人目标，得到满足，对于社会来说，可以促进发展与进步，对于国家来说可以富强，实现振兴和复兴，,1
我们的忙碌绝不是看似勤奋，实则骨子里懒惰成性、日复一日的机械重复，绝不是为了逃避空虚、害怕、无助而在无用的信息资讯中沉沦，绝不是单纯为了票子、房子、车子等物质叠加而身心俱疲。,1
我们是谁？我们从哪里来？要到哪里去，,0
"盖文王拘而演《周易》；仲尼厄而作《春秋》；屈原放逐,乃赋《离骚》；左丘失明,厥有《国语》；孙子膑脚,《兵法》修列；不韦迁蜀,世传《吕览》；韩非囚秦,《说难》、《孤愤》；《诗》三百篇,大底圣贤发愤之所为作也。",1
勤奋思考，勤奋学习，勤奋做事。,1
于个人言面向未来，可以提升个人的知识技能和形成可持续发展的思想意识，甚至影响个人的社会地位与名誉；于社会言面向未来，可以形成积极向上的舆论导向和安定团结的社会氛围，也可以使社会群体的总体生活更加美好；于政府言面向未来，可以更好的彰显政府为人民服务的工作宗旨和加强社会主义精神文明和物质文明建设，更有利于塑造服务型政府形象和增强政府公信力。,1
参与者，贡献者，引领者。,1
心怀过去，活在当下，面向未来。,1
在改革开放40年的今天，在科技飞速发展的今天，在古今中外文化交织碰撞的今天。,1
所以我们应当保持耐心，做好打持久战、攻坚战的准备。马克思写《资本论》用了40年，李时珍写《本草纲目》用了27年，歌德写《浮士德》用了60年，曹雪芹写《红楼梦》用了10年。,1
"我们年轻人只有勤于思考，我们人生才完美。像浙江的那对老夫妻一样充满激情，不虚度光阴；像安德鲁那样,不畏艰难困苦，直面人生;像同声传译大咖一样,热爱工作,勤奋好学。",1
我们要让大脑动起来，不要让大闹发霉，要执着追求，勤奋的去实践。如果不思考，一直执行，一直做，就只能被别人使唤、支配。永远没有自己的话语权，要思考起来，变被动为主动。我们要做起来，要忙碌起来，要创新，要进步，而不是一直活在过去、在怀念过去中偷懒。我们要勤思、勤奋，历经艰辛，万分努力之后，才会让一切看起来不那么费劲。,1
要有言人之未言，行人之未行，思人之未思精神,1
如果是一线的工人，也可以不断努力，解决技术难题，不断精进。如果是教师，就要恪尽职守，培养出祖国的栋梁。如果是建筑师，就应该攻克难题，为祖国修起一座座坚固的桥梁 ，一栋栋结实的楼房。如果是农民，应该响应国家的号召，致富奔小康。如果是学生， 就应该上好每一节课程。交出满意的答卷。,1
浑浑噩噩度日的大学生最终迷失了人生方向，虚度四年青春年华；安于现状的传统老字号商铺，最终销声匿迹，终被时代所抛弃；习惯逃避困难的一些人，不仅无力寻找突破，更与成功的人生背道而驰，,1
当苹果砸在牛顿头上时，他没有抱怨时运不顺，而是通过努力的思考，发现了万有引力。当瓦特看到蒸汽把烧水的壶盖顶起的时候，他没有视而不见通过思考发明了蒸汽机，让人类走入了工业时代。当我们的祖先在日复一日的生活中通过积极的思考积累了无数的生产经验，二十四节气就是最好的例证。,1
坐沙发上抱怨沙发太硬者有之，出门交通堵塞无法者有之，手机卡顿怒摔者有之，,1
不断创新者有之，思维革命者有之，突破真理者有之，,1
追求，从来都是一种习惯，一种智慧，一种人生艺术，,1
对工作负责，对自己负责，对人生负责，,1
正是因为忙碌，我们中华的文化才得以延绵至今。正是因为忙碌，我们才能看清我们生活的星球的模样。正是因为忙碌，我们才了解我们进化成人的过程。,1
他们想着自己经过辛苦创业，取得了马云一样的成就，开创了一片属于自己的天地；他们想着自己经过认真的研究，发现了新的星球，成为了爱因斯坦一样的学术泰斗；他们想着自己发明了最新的武器，维护了世界和平。,1
我们是共产主义主义接班人，我们是天之骄子，我们是祖国繁荣昌盛，文化复兴，民族强大的新生力量。,1
为祖国繁荣昌盛，文化伟大复兴，民族强盛而努力奋斗。,1
我们的文化，我们的民族，我们的国家需要我们，,1
勤于思考，分清事情的轻重缓急；勤于思考，树立人生的理想目标；勤于思考，实现人生的美好意义。,1
通过思考，寻求新的生存途径；通过思考，把握发展的机遇；通过思考，让企业做大做强。,1
通过思考，记住文化之美是发展却不激进；通过思考，记住文化之美在骨不在皮；通过思考，记住文化之美是入世而独立。,1
所以请不要停止思考，让思考之花绽放，使得每个人都能从繁杂和忙乱中解脱自己；所以请不要停止思考，让思考之花绽放，使得每一家企业都能得到最好的发展；所以请不要停止思考，让思考之花绽放，为中国文化注入新的活力。,1
我们有令人赞叹不已的诗句，有寄托温情记忆的“老字号”，有尽职尽责的新生力量。,1
所以为了保护我们的文化，我们的民族，我们的国家，需要我们忙碌起来。,1
思考文化发展与继承，思考民主进步与复兴，思考国家的发展与进步。,1
然而，随着网络的发达，丰富的精神生活形式，却没有丰富精神生活的内容，使忙碌的人们失去了方向；文化懒于创新，便失了底线，丢了自我；政府不作为，将会是百姓国家的灾难。,0
个人要思考，面对外来文化冲击，要坚持优秀传统文化，也要汲取外来的优秀文化；党员干部要思考多为群众谋福利，满足群众的需求；企业要思考，激发员工创新动力，完善激励机制，为中国“智”造添砖加瓦。,1
要忙得有目标，要忙得有方向，要忙得有结果。,1
只有这样，我们才不枉此生;只有这样我们才能跟随时代的步伐;只有这样，我们才能不被社会所淘汰;也只有这样，我们的国家才会不断的进步！,1
人类之所以不同于动物，是因为他们拥有自己的思维，可以自己思考;人类之所以不同于动物，是因为他们拥有自己的思维，可以自己思考;人类之所以强于动物，是因为他们会思考，可以创造、利用工具。,1
倘若从来都没有思考，就没有火的发明与利用，没有石器时代，更不会有现代文明。,0
所有人被困在一个肮脏的山洞里，没有灯光照明，没有衣服遮体，没有美味的事物果腹.....,1
倘若人类从未思考，又怎会有世界变革，倘若没有思考，就不会有文字，优良的文化将无法被记录，更不会有文化的传承;倘若没有忙碌的大脑，没有人会思考自己的做法是否正确，就不会出现现在的社会道德，更不会出现法律;倘若没有人类的思考，人类就像几千年前的物品一样可以被随意践踏、买卖，就没有今日的平等与人权。,1
无源之水，无本之木，无基之台,1
勤奋是一种文明，也是一种素质；勤奋是一种理性，更是一种力量。,0
学习《截肢登山家》中安德鲁面对困难、永不退缩的精神，《我的地坛》中史地生瘫痪之后的艰难重生的可贵品质，《假如给我三天光明》中张海迪失明之后点亮内心光明的坚强毅力，,1
历史剧全是宫斗穿越；经典一再被荒唐解构；打油诗把唐诗宋词代替；,1
《中国诗词大会》唤起了中华儿女骨子里的文化基因；《舌尖上的中国》通过美食展现出浓浓的家味；《朗读者》倾心诉出中国人的独特故事。,1
必须有求真务实的精神，奋发有为的姿态，苦干实干的主旋律主基调，,1
科学也可以像人文一样展示出自己的生命活力，展示出自己异彩纷呈的特点，展示出自己精彩。,1
科技创造了高铁，那一辆辆飞驰的动车缩短了人们出行的时间；科技带来了VR技术，那虚拟的世界能够让我们足不出户就感同身受，了解外面的世界；科技带来了互联网，数据和信息仅需几秒就被传送到千里之外的另一边。这一切让生活更加精彩。,1
在历史的漫漫长河中由凿壁借光到灯火通明，由钻木取火到防风火机，由竹简字卷到电子阅读，不得不说，我们的生活已然发生了翻天覆地的变化，这主要归功于科学的发展。,1
或能解决我们生活中不可避免的复杂问题，或为丰富我们的生活情趣而设计，或为规避日常风险而别出心裁。,1
扩展了人们夜间的生活空间，方便了人们的学习生活之飞机的发明，缩短了久与众乡间的距离。,1
它改变了我们的生活，改变了我们的思维，改变了我们对世界的认识，,1
莱特兄弟发明了飞机。缩短了时空的距离，贝尔发明电话，改变了通讯的方式，我们发射载人说天飞船，踏出了地球登上了外太空；,B
塑料给人类带来便利也给环境造成污染；汽车使人们出行快速便捷但产生的尾气却在破坏大气；各国的原子弹在给人以安全感的同时也带来更大的威胁……,1
"是科学的发展打破了古人“天圆地方“的认识;是科学的发展、科技的进步让人类走近月球,探索“常娥住所""，是科学的发展,科技的进步让人类住进一个”地球村”，",1
人性化的科学会在科学与人文之间发现一种美;人性化的科学会在个性化与大众化之间展现一种智慧;人性化的科学会在商业目标和社会使命之间去追求平衡，并表现一种态度。,1
“慧眼”卫星遨游太空，国产航母崭露头角，量子通信领先全球，,1
"若四川乐山大佛不是融入了佛家思想精髓和劳助人民的智慧,那么他只能是冰冷的石头。若万里长城不是凝聚万千先人的热血热泪和抗敌的情怀，那他也只能是简单的建筑。若古代典籍不是暗藏了古人博大精深的思想，那么他也只能是一堆毫不起眼的纸片。",1
那么为什么一面冰冷的石头能引来无数人虔诚的膜拜、一座简单的梯子能引来无数踏足攀爬的人、一本灰尘满面的书籍能让人感动引人荡泪，其中不歹乏融入了人文乏精髓。,1
一个个不平等条约的签订，一次次领地的割舍，一幕幕血的教训。,1
镭元素的发现，正是居里夫妇爱情的鉴证；黑洞理论是霍金对命运不屈的挑战;地心说阐释着哥自尼对真理的执着。,1
因为人类对温饱的需要，我们拥有了海水稻、沙漠水稻;因为人类对地球与宇宙的美好憧憬，我们拥有了长征火箭、嫦娥探月；因为人类对世界万物的好奇与追求，我们拥有了物联网、大数据、北斗导航……,1
科学是讨不来的，买不来，要不来的,1
人们一直认为科学是数学家们繁文缛杂的数学公式;是物理学家研究到孜孜不倦的物理定律:是化学中枯噪无味的化学实验。,1
"若没有造纸术的发明，我们的生活将充满竹简，走到哪里背到哪里，费时费力。若没有印刷术的发明，书籍的制作怎能如此迅速，最快也需数月。若没有指南针的发明，我们怎能辨清方向，都将成为迷路的羔羊，远行的轮船将找不到回家的路。若没有火药的发明,我们怎能抵御外敌，保家卫国，怎能欣赏到五彩缤纷，绚丽多姿的焰火。",1
近年来的纪录片，用摄影技术将故宫文物带到我们眼前，用技术讲述匠人们和文物的故事；用摄影技术讲述乡村的好故事，讲述舌尖上的中国,1
科学技术支撑着人文，阐发着人文精神，赓续着人文传统。,1
人文，就是人为了观察自身，探索自身，修正自身，提升自身；科学，则是人通过观察自然，探索自然，利用自然，最终通过理论和技术为人服务。,1
科技是国之利器，国家赖之以强，企业赖之以赢，人民生活赖之以好。,1
这些创造和创新，大如国家的体制，中如城市的管理，小如企业的制度，微如产品的改进，,1
一个高效有力的体制，一个切实可行的管理方法，一个降低交易成本的公平制度，一个受到欢迎的产品，,1
无基之台。无本之木，无源之流,1
新中国成立初期，我过的科技非常落后，结果短短的数年，“两弹一星”发射成功，让中国的国际地位得到了快速的提升。袁隆平的“杂交水稻”研究并且使用成功，解决了中国13亿人生存问题。2000多年“宇宙飞船”成功发射，杨利伟成了中国第一个探索月球的人，,1
通过导演的镜头我们看到了那些手艺人们几十年如一日的坚持，看到了厚重而朴实的技艺，看到了纯天然无限制的精益求精。,1
从古时候张衡的地动仪到如今的地震监测器，正是科学的发展让我们的生活变得更加安心；从远古时期的钻木取火到现今的天然气燃料，正是科技的发展使我们的生活变得更加方便；从古时候的蜡烛“垂泪到天明”到如今的各种灯光闪烁正是科技的发展使我们的生活变得五彩斑斓；从古时候的飞鸽传书，快马加鞭到今天的各种通讯工具遍布，,1
"人们热爱诗歌的对仗押商,是语言美；人们学哲学的严谨逻辑，是智慧美;人们守法律的公正严明，是规律美；人们读历史的变化规律，是沉淀美。",1
从中国古代四大发明到现代科技是第一性产力的大力倡导;从南水北调工程到现代的西气东输;从机械化生产到克隆人的应用等等，,1
嫦娥二号，天宫二号、FAST望眼镜，潜龙条列，,0
若是科学不精彩，刀耕火种、农耕经济或许依旧存在，人类如何能想象的出如今高楼大厦、车水马龙的城市?若是科学不精彩，印刷术或许不会出现，人类又如何能感受的到千百年的悠久文化?若是科学不精彩，交通工具如何被发明，我们怎么能“日行千里”?如果科学不再精彩，我们的人文也将变得呆板。,1
科学不仅是有色度的，而且是有风度的，还是有温度的。,1
科技人性化是人民生活的重要保障，科技人性化是经济发展的必要条件.科技人性化是科技发展的必由之路。,1
"前有盘古开天辟地,女娲捏泥造人，后有神农尝百草；前有夏起商灭，后有挟天子以今诸侯；前有百家争鸣，后有焚书坑儒；前有文景之治，后有大唐盛世。",1
人性化科学想要的，是技术创新，是未来年轻人创造新事物的话力、智慧，是利用互联网改变生活，变革认知。,1
因为有了创新，我们可以通过一个电话，随时向亲人传递自己的问候与牵挂；因为有了创新，我们可以通过互联网了解往世界各地发出的最新消息；因为有了创新，我们的生活呈现日新月异,1
利用科学预测天气状况、利用科学防控自然灾害、利用科学实施智能报警、利用科学保护人身安全,1
更是鲜活的、舒适的、灵动的、富有生命力的。,1
需要国民走进科技，需要国家坚持科技创新，需要赋予科技人性之光，,1
"只有将人文精神与科学相融合,科学的发展才能更富有人性化，只有将人文精神与科学发展相融合，科学才能更好地为人类服务，只有将人之精神与科学融合，科学能更好地满足人类想要的。",1
雄伟壮阔的万里长城，精雕细琢的敦煌壁画，巍峨耸立大雁塔，四通八达的丽江古城，,1
就如同男女的结合诞生了生命，生物与自然的结合，生态系统才能更好的发展，云朵与晚霞相结合，才能构成美不胜收的画面。,1
出生、成长、成熟、衰落、灭亡,0
浏览信息、关注重点、出行方式,0
它改变了我们的生活方式、改变了我们的思维方式、改变了我们对世界的认识。,1
白色污染无处不在，氟利昂带来了大气层的破环，汽车的使用导致了温室效应……,1
雄伟壮阔的万里长城，精雕细琢的敦煌壁画，巍峨耸立大雁塔，四通八达的丽江古城，,B
如果没有基础科学，如物理学、天文学的发展，我们怎能有机令去探索宇亩的奥秘，感受宇亩的浩瀚和美丽?如果没有计算机科学的发展，怎能催生互联网+，在家就可以实现购物、工作作和学习？,1
人工智能，大数据，墨子升空，蛟龙入海,0
当前我们正处于世界多极化，经济全球化，文化多样化，生态一体化的社会大变局之中。,1
从马车到汽车，再到飞机的发明，都是为了满足人们“日行万里”的梦想；从弓箭到火药，再到核武器，也都是为了人类要么战争要么防卫的能力需求;从峰火台到传呼机，再到互联网，也都是为了满足人们更快、更详实的信息传递需求。,1
生产管理、动物防疫、检疫管理、流通监管，溯源管理,0
有绵延万里的长城，有辉煌灿烂的绘画，有口口传诵的荷马史诗。,1
从嫦娥奔月的传说到嫦娥玉兔号的飞升，从孙悟空的火眼睛睛到悟空号暗物质的寻找，从渴望水底遨游到潜艇的出现，,1
科学是精彩的，它有人情韵味，并不是机械般呆板无情 ;科学是精彩的，它带来新技术，产生新事物满足人需求；科学是精彩的，它贴进生活随处可见却又新鲜。,1
追求经济最大化、效益最大化、物质最大化,1
既要满足人的需要，也要考虑与自然和谐，更要考虑长远发展。,1
在“衣”这个领域服装生产技术让更多的人穿上了漂亮的衣服，全自动洗衣机彻底解放了人们的双手；在“食”这个领域我们吃上了各种人类双手制作不出来的美食；在“住”这个领域我们告别了原始的居住条件，进入了高楼大厦的时代；在“行”这个领域各种快速便捷的交通工具使得人与人之间的联系更加密切。,1
它给人类的生活带来了极大的便利，它让世界有了日月以外的光亮，它让奔月飞天成为可能，,1
慢生活不是指行动上的慢，而是一种积极的生活方式，一种乐观的生活态度，一种健康的心理心态。,1
慢是一种积极的前行姿态，是一种充实的生活状态，是一种睿智的发展战略。,1
"在于领会工作的真正意义,在于为自己而活，在于人生更为精彩,",1
"慢不在懒散而在于活力，不在于消极而在于积极,不在于无所事事而在于各司其职",1
回归自然，回归和谐，回归健康的心理心态。,1
将心态放平，将节奏慢下来，将效率提上去，将健康找回来。,1
不学礼，无以立身，无以立家，无以立国。,1
我们的时代是千帆竞发、百可名活的时代，我们的事业是前无古人，披荆斩棘的事业，我们的社会是思想多元、文化多元价值多元的社会。,1
人无礼，则不立;事无礼，则不成；国无礼，则不强。,1
放慢生活的脚步，回归自然的宁静，追寻儿时的童真，享受轻松和谐的生活。,1
从慢一点吃饭，慢一点散步，慢一点工作开始。,1
"从发育的儿童，到成长的青年；从校园的学生和老师，到政府上班的职工；从工棚里的农民工到企业里的精神,",1
人们为了追逐名力而“大打出手“;为了赢在起跑线上而不断的补报培训班;为了让自己下一代过得更好，而不断的加班加点，,1
工作业绩不能丢、人情世故不能忘、欲望追求不能少……,1
善待自己，让自己心态平和; 善待家人，有任何问题,B
好好思考、好好解决;善待周边亲友和陌生人，积极传递正能量，我们的社会才会更和谐。,0
只有慢下来，我们才有一个健康的心理状态；才能让我们回归自然，追求真我；才让国家富强，实现中国梦，让我们的生活变得更美好。,1
"慢,有助于获得自在的生活;慢,有助于获得有为的生活:慢，才是生活。",1
慢下来，慢慢思考，慢慢努力，慢慢生活，,1
当我们一路狂奔之时，忘记路边灿烂的花朵在微笑;当我们昼夜不竭之时，忘记还有一 盏灯一直亮着:当我们回首相望之时，才发现所剩不多。,1
多一点真诚，少一点抱怨；多一点简单，少一点复杂；多一点思考，少一点跟风。,1
酒酿的越久越香醇，音乐谱写的越久越唯美，成功酝酿的越久越辉煌。,1
慢下来，让生活节奏慢下来；慢下来，让身心更加健康；慢下来，让生活更加美好。,1
追寻自我而得自在有为;学会理性而得自在有为;挖掘自身个性而得自在有为。,1
抛弃了礼，越过了规矩，丢掉了信仰，偏离了初心,1
慢下来，因为自在有为的生活，急不得；慢下来，因为充实快乐的生活急不得;慢下来，因为积极浪漫的生活急不得。,1
“慢生活”是一种积极的生活方式，是一种健康的心理状态，是一种“富”的充实，,1
从金庸先生性子缓慢，做事徐徐缓缓，最后也都做好、乐观豁达养天年；到飞人刘翔吃饭比较慢，喜欢洗澡的时候慢一点，因为他喜欢慢节奏的生活；再到作家米兰昆德拉所言，要慢下来”，因为自在有为的生活是急不来的,1
立身之本，处事之基，成事之要,1
如频发的IT工程师猝死、出租车驾驶员疲劳驾驶引发惨剧、许许多多加班加点的白领身体亚健康，,0
慢下来生活有利于我们精神的丰富，它可以让“有利于体味生活的味道，感受到生命的伟大;慢下来生活我们的身心健展，它可以让我们的身体恢复健壮，让我们不再负里前行，慢下来生活有利于发展自我，让我们可以脚踏实地，不骄不躁，一步一步走向成动。,1
"延长了生命的维度, 拓展了人生的视野，创造了自在有为的生活。",1
慢生活是一种积极的生活方式。是一种健康的心理状态，是一种富的充实、穷的快乐的生活状态。,1
它却束缚于繁忙的工作之中，禁锢于密集的高楼大厦之间，牵绊于复杂的人机关系之中。,1
要真心善待家人，有任何问题好好思考、好好解决;要善待自己，让自己心平气和,0
"没有“礼”，经济发展不能可持续;没有""礼”，社会发展不能一帆风顺，没有“礼”，生态建设也不能美丽;没有“礼”，何谈民族复兴之""立”。",1
用轻松惬意缓解工作压力，舒解紧张和焦虑情绪；用自信乐观面对不可知的未来，减少恐惧和迷茫；用积极向上的态度融入社会，增加归属感和幸福感,1
司马迁忍辱十八载撰写《史记》，司马光苦熬十九年春秋编纂《资治通鉴》，曹雪芹十年寒窗写就《红楼梦》；,1
多一些自信，多一份淡泊、多一点勤恳，,1
你已经有多久没仰望过夜空看星星了?你已经有多久未驻足停下来嗅一下花香了?你已经有多久没静下来读过一本书了?,1
"慢生活是一种积极的生活方式，是一种健康的心理状态，是一种""富”的充实、“穷”的快乐的生活状态，是一种对美好生活的何往，更是人们一直在追求的幸福生活。",1
需要让生活归于简单，需要社会的关注与关心，需要经常开展心理活动，,1
才能富的充实，穷的快乐，才能静下心来思考人生的真谛，才能享受自在有为的生活。,1
个人离开了平稳有序的生活会变得焦躁、极端；社会缺失了安静详和剧氛围会变得危险、动乱；国家遗忘了担当、实干的志气会变得软弱无力。只追求速度并不一定进步，但追求稳步发展必定会收获非凡。,1
每一次环境保护相关法律的出台，每一次传统文化的倡导与宣传，每一次重大事项的决定与整改,1
让创新始终穿贯我们的生命、贯穿社会的发展、贯穿国家的进步之中。,1
放慢脚步，欣赏艳日与明月，享受生活中的风景，享受人生中的美景；放慢脚步，坚定理想与信念，让国家的发展坚定且有力；放慢脚步，从个人到社会，我们都拥有前进的动力与快乐的源泉。,1
对未来缺乏安全预期，对未知充满恐惧，对变化心理准备不足，对多元化心理认同不足，,1
要少一些浮躁情绪，多一份从容心态；少一些急功近利,0
感受大自然的美，感受社会文明之美，感受工作之余的美，,1
慢下来才能钓上鱼享受钓鱼的乐趣，慢下来才能有备无患，慢下来准备的工作才能在关键时刻发挥至关重要的作用。,1
也只有慢下来才能做到张弛有度；只有慢下来才能使我们在这物欲横流的社会保持清醒；只有慢下来才能让我们在喧哗的世界找到静怡。,1
大学在校生数量世界第一，高等救育规模世界第一;中国高铁创造了世界最快速度。,1
慢点读书，可以更加充分地获取信息、汲取养分、陶冶心灵;慢点吃饭，可以收获健康，加强与家人的沟通;慢点干活，可以让工作做得更细致，不让自己变成“永动机”，不堪重负。,1
商鞅立木为信，改革便得以顺利推行。刘备三顾茅庐，终得贤士入门。曾国藩严守古训，终成一代名臣。,1
为人民的幸福生活增添了获得感，为社会氛用增添了幸福感，为国家的良性运营增添了安全感，为中国梦的梦想成真增添了真实感。,1
饭要一口一口慢慢吃，才能体味到菜肴的美味；水要一口口慢喝，才能品尝到它的甘甜；书要一页一页看，才能品味到作者藏在字里行间的情意。,1
您有多久没有慢下来好好吃一顿饭了?您有多久没有慢下来去运动了？您有多久没有慢下来去旅游了？,1
以勇气经营生活的心性，以是以智慧丈量生活的尺度，是以超凡气度把握生活的眼光。,1
本礼尚礼的社会，道德灵魂在洗礼，个人修养在提升:良好风气在塑造，社会文明在进步;发展力量在，国家肿步在前行。,B
慢点读书，可以更加充分地获取信息、汲取养分、陶冶心灵；慢点吃饭，可以收获健康，加强与家人沟通；慢点工作，我们才能将工作做的更细致，不让自己不堪重负。,B
慢下来，去平衡自己的心理，让自已变得积极阳光。慢下来，去加深自己的思想，别让自己变得“木偶化”。慢下来，去体会自己的文化，别让文化在快速的时代更迭中失去了自己的吸引力。,1
从信谣、传谣到戾气弥散，从看客、哄客到网络骂客，从养生迷到山寨文化，,1
我们要慢点读书，可以更加充分的获取信息、汲取养分、陶冶心灵；慢点吃饭，可以收获健康，加强与家人的沟通；慢点干活，可以让工作做得更细致，不让自己变成“永动机”，不堪重负。,B
父母可以问问自己，从孩子刚牙牙学语开始就进行各种英文学习真的是必须的吗？学生可以问问自己，挤占正常休息时间不停刷题补课真的是正确的学习方式吗？年轻人可以问问自己，自杀式的连续整晚加班真的可以通向成功吗？,1
慢下来享受生活，获得一方涤荡心灵的净池；慢下来享受生活，知道自己要去往怎样的远方；慢下来享受生活，社会也会因此受益。,1
"我们需要“慢下来”，“慢下来”才能使我们在岁月静好中感受生活；“慢下来""，才能让我们铆足后劲，走的更远；“慢下来”，国家的发展才能可持续。",1
慢下来去寻找，慢下来去总结，慢下来去体悟。,1
静静地读一年书，走一段路，听一首缓慢地歌。,1
金庸先生很慢，可依然创作出数十部脍炙人口的武侠巨著；飞人刘翔崇尚慢，可依然成为中国史上110米跨栏传奇的缔造者；杨丽萍喜爱慢生活，也依然创作出赏心悦目的舞蹈，用身体诠释了舞蹈的魅力，成为中国舞蹈的一朵奇葩。,1
"慢下来,多去欣赏一下路边的美丽景色，我们或许只是缺少一双发现美的眼睛;慢下来，多去思考生活的真谛这样我们才能塑造美好的自己;慢下来,用时间去积累能它终会灿烂多彩。",1
慢一点，效率高一点; 慢一点，健康多一点;慢一点，心态平一点。,1
唯有我们学礼，守礼，人生方能成其久远，社会方能和谐安定，民族方能复兴，国家昌盛。,1
慢下来，去除浮躁心态:慢下来，追求心灵安灵;慢下来，收获健康积极人生。,1
对个人而言，只有礼貌待人、温和处事，才能融入社会，立足于社会;对企业而言，只有秉持企业道德素养、勇于角担社会责任，才能获得社会的认可，持续发展;对国家而言，树立良好的国际形象和大国责任意识，才能立足于世界强国之林。,1
孔融让梨是尊老爱动孝道之礼;精忠报国是忠考之礼，礼贤下士是液是开明之元，,1
一家人若不学礼，则会家道败落;一个军队不学礼，则会失去制胜法宝;一个社会不学礼，则无法长久。,1
人们拼绩效，拼晋升，拼快速赚钱，,1
礼是什么？它是孔融拿起的那颗小小的李子，是程颐门口杨时和游酢脚下那一尺厚的雪，是桐城中虽窄但充满温情的六尺巷，还是张骞郑和传递友谊的驼队和宝船,1
老吾老及人之老，幼吾幼及人之幼，体现礼的德孝与仁爱，安庆六尺巷见证礼的和睦谦让，远亲不如近邻包含礼的守望相助,1
在点滴的生活实践里践行礼，维护礼，才能让你成为个人安身立命的基础，企业长盛不衰的保障，国家兴旺发达的不竭精神动力。,1
慢下来去思考，会发现很多有趣的事情；慢下来去观察，会发现人间处处有真情，人间处处有真爱；慢下来去生活，会发现车水马龙的世界也有意境美。,1
有时会发现沿途风景很美，有时会发现人间冷暖，有时也会发现自我。,1
节奏慢下来，效率提上去，心态平下来，健康升上去,0
慢下来，多去呼吸一下大自然的新鲜空气，你会倍觉神清气爽:慢下来，多去陪伴一下久违的亲人，你会体会到什么是幸福美满;慢下来，对人多一些理解和宽容，你会发现生活其实是一条阳关大道。,1
慢，不代表拖延与慵懒，慢，是一种泰山崩于前而面不改色的从容；慢，是一种努力之后，能够面对一切结果的勇气；慢，是一种竹杖芒鞋轻胜马，归去也无风雨也无晴,1
大丈夫立于天地，上不愧天，下不愧地，在世不愧父母，在国不愧社稽。,0
"苏轼仕途坎坷而壮心不己，蒲松龄面对落第却发愤创作,曹雪芹处境艰难们不辍笔耕,安徒生屡曹失业而自强不息,奥特洛夫斯基身残志坚却潜心著述,他们有的创作的经典的四大名著、有的成为著名诗人、有的成为了童话之王等等,这些都在从侧面告诉我们要正确对待生活中的挫折，才能更好地享受生活为我们带来的幸福。",1
“慢生活”是一种积极的生活方式，是一种健康的心理状态，是一种“富”的充实、“穷”的快乐的生活状态。,1
"曹雪芹处境艰难仍不较笔耕,安徒生愿遭失业不自强不息,奥斯特洛天斯基身残志坚却潜心著作.....",B
就如苏轼也经历过在途坎问但们壮心不已，蒲松龄面对落弟而发愤创作，曹雪芹处境很难仍不辍笔耕,1
只看见生活的苦，我们度日如年;只想到生活的难，我望夜不能寐:只尝到生活的艰辛，我们失去动力。,1
幸福，是孩子拿到一百分的喜悦，幸福，是一家老小其乐融融的场景，幸福，更是国家繁荣，人民安居乐业，,1
幸福是青年马克思笔下，选择最能为人类谋幸福的职业，幸福，是少年周恩来，选择为中华崛起而读书，幸福是人民好干部焦裕禄，披肝沥胆，鞠躬尽瘁，,1
就像一枚硬币的正反面，一块螺丝和螺帽的配套使用、花粉依靠昆虫播撒那样蜜不可分，,0
幸福是什么?幸福是苏轼仕途坎坷而壮心不已;幸福是蒲松龄面对落弟却发愤创作;幸福是曹雪芹处境艰难仍不辍笔耕；幸福是安徒生屡遭失业而自强不息;幸福是奥斯特洛夫斯基身残志坚却潜心著述。想不付出任何代价而得到幸福是天方夜谭，想成为幸福的人，,B
苏轼仕途坎坷而壮心不已，蒲松龄面对落第却发奋创作，曹雪芹处境艰难仍不辍笔耕，安徒生屡遭失业而自强不息，奥斯特洛夫斯基身残志坚却潜心著述，,B
诺大的世界，不缺少美，缺少的是一双发现美的眼睛。诺大的世界，也不缺少挫折，缺少的只是将磨难转化为斗志的心。诺大的世界，更少不了不完美，但缺少的是从不完美中发现美的思想。青年的我们，是朝阳，是希望，中国的强大离不开我们，社会主义事业离不开我们，,1
不经历失败的磨练，总能体验成功的喜悦；不经历世态炎凉，怎能感受人情的温暖；不经一番寒彻骨，怎得梅花扑鼻香,1
司马迁忍辱十八载撰写《史记》，司马光苦熬十九春秋编纂《资治通鉴》，曹雪芹十年寒窗写就《红楼梦》,1
学礼让我们摒弃浮躁.摒弃功利.学礼让我们体现大国风范.民族风范，体现民族掘起的魂魄.学礼，为民族振兴添砖加瓦。,0
只有以礼立身，才可培育公民意识；只有以礼立身，才可增强国力；只有以礼立身，才可实现民族的伟大复兴。,1
苏轼仕途坎坷而壮心不已，蒲松龄面对落第却发愤创作，曹雪芹处境艰难仍不辍笔，安徒生屡遭失业而自强不息....,B
"遥想当年苏轼仕途坎，蒲松龄名落孙山,曹雪芹处境垠难，",B
司马迁忍辱十八载撰写《史记》，司光马光苦熬十九春秋编纂《资治通鉴》，曹雪芹十年寒窗写就《红楼梦》,B
他们的成果来自于挫折，他们的结晶来自于不轻言放弃的决心，他们的幸福来源于所经受的苦难。,1
他们用自身的奉献为我们带来了新民主主义革命的胜利，用自身的奉献迎来了新中国的成立，迎来了我们今天的幸福生活，用自身的奉献换来了子孙后代的幸福，,1
苏轼仕途坎坷而壮心不已，蒲松龄面对落第却奋发创作，曹雪芹处境艰难仍不辍笔耕，安徒生屡遭事业而自强不息，奥斯特洛夫斯基，身残志坚，却潜心著述，,B
古有林则徐舍生取义、为国为民；今有屠呦呦十年一日、苦心孤诣。内有钱学森大国小家，不计私利；外有海明威身残志坚，不可击败。,1
"你若澄澈,世界就干净，你若简单，世界就不会复杂，你若乐观积极，世界就不会黯淡无光，你若不屈不挠，勇往直前，直面人生的坎坷曲折，喜怒哀乐，世界就会还你一份无忧无虑，乐观豁达，幸福美满。",1
团结奋进，山海可蹈，戳力同心，未来可期。,0
"古今中外，无数古圣先贤莫不是如此。苏辅仕途坎坷而壮心不己,蒲松龄面对落第却发愤创作，曹雪芹处境艰难仍不辍笔耕，安徒生要遭失业而自强不息，奥斯特洛夫斯基身残志坚却潜心著述。",B
或许是因为自然灾害，或许是因为工作压力，又或许是转型期的大时代造成的价值观困惑，,1
每一朵艳丽的玫瑰都长有恼人的短刺，但人们却常常用玫瑰表达心底的爱意；每一座俊美的山峰都留有艰险的峭壁，但正是峭壁的难于攀登使人们对其充满由衷的赞叹；冰川之水清澈至极，却也寒冷刺骨；春风细雨温婉可人，有时也稀少难见。,1
司马迁忍辱十八载撰写《史记》，司马光苦熬十九春编纂《资治通鉴》，曹雪芹十年寒窗写就《红楼梦》，,B
跑过了越南战争，跑过的乒乓球大赛，跑过了创业传奇。,1
"司马迁忍辱十人载撰写《史记》,司马光苦熬十九春秋编纂《资治通鉴》,曹雪芹十年寒窗写就《红楼梦》",B
有人感叹：压力大、不幸福；有人埋怨：不公平、真倒霉；有人诉说：不如意，好失败。,1
想想你的那些缺陷，想想你的理想，想想你要的幸福，,1
幸福感不是一成不变的。幸福感不是一帆风顺的。幸福感不是一蹴而就的。幸福感不是一夜成真的。,1
“天将降大任于斯人也，必先苦其心志，劳其筋骨，饿其体肤，行弗乱其所为，所以动心忍性，增益其所不能”,1
文王拘而演周易，仲尼厄而作春秋；屈原放逐，乃赋离骚；左丘失明，厥有国语。,0
假若生活赠我以阳光，我必悉心安放、小心珍藏;假若生活赐我以烈火，我必以之铸剑，披荆斩棘，勇往直前。,0
"苏轼仕途坎坷而壮心不」已，蒲松龄面对落第却发愤创作，曹雪芹处境艰难仍不辍笔耕,奥斯特洛夫斯基身残志坚却潜心著述,史铁生下身瘫却仍坚持写作,海伦、凯勒双目失明也不放弃学习知识缺陷常有,",B
苏轼仕途坎坷而壮心不已，蒲松龄面对落第却发奋创作，曹雪芹处境艰难仍不辍笔耕，安徒生屡遭失业而自强不息，奥斯特洛夫斯基身残志坚却潜心著作,B
苏轼仕途坎坷，但壮心不已；蒲松龄面对落第，却发愤创作；曹雪芹处境艰难仍不辍笔耕。,B
有的人半路返航，归于更加安逸的生活；有的人索性直接放弃，深深陷入到自己设立的迷宫里，再也走不出来；有的人选择迎难直上,B
苏轼仕途坝坷，但壮心不已；蒲松龄面对落第，却发愤创作；曹雪芹处境艰难，仍不辍笔耕。,B
薄松龄面对落第却发愤创作，终铸一篇伟作《聊斋志异》，司马迁忍辱十八载撰写《史记》，曹雪芹处境艰难仍不缀笔耕，才有今人代代相传的《红楼梦》海伦。凯勒面对身体的残缺不放弃写作之路.....,1
在古时，有司马迁忍辱十八载撰写《史记》、司马光苦熬十九春秋编纂《资治通鉴》、曹雪芹十年寒窗写就《红楼梦》，若是没有对苦难的忍受，又怎么会有这些名垂青史的著作成就。,1
良好的礼仪，是人立身的根本；良好的礼仪，是社会共同的遵循与期盼；良好的礼仪，更是国家形象的载体，是世人认识我们的一扇窗口。,1
司马迁忍辱十八载撰写《史记》，司马光苦熬十九春秋编纂《资治通鉴》，曹雪芹十年寒窗写就《红楼梦》....,B
曹雪芹艰难创红楼，司马迁忍辱撰史记，蒲松龄落第作聊斋……,B
每个人是国家的基石，根基不稳，谈何发展，谈何强大，谈何走向世界，谈何被人尊重！,1
面对这么大一盘棋，这么大一份责任，这么大一个中国，,1
曹雪芹处境艰难却不辍笔耕、蒲松龄面对落第却发愤创作、柏杨先生入狱仍潜心著述......,B
"比如:苏轼仕途坎坷而壮心不已，蒲松龄面对落弟却发愤创作,曹雪芹处境艰难仍不辍笔耕......",B
失望者有之，迷茫者有之，甚至抑郁者也有之……,1
苏轼仕,B
       说坎词而壮心不己，蒲松超面对落等却发情创作，也雪虎处境很难仍不辍笔耕，刘翔赛场受伤的坚持完成比赛军，,B
苏轼仕途坎坷而壮心不已，浦松龄面对落第却发愤创作，曹雪芹处境艰难仍不辍笔耕地，安徒生屡遭失业而自强不息，奥斯特洛夫斯基身残志坚却潜心著作.....,B
它是遵守传统礼仪规范，以传统文化继承发扬为傲的民族自信；它是善于以历史为鉴，从历史中学习优良传统的历史自信；它更是具备长远眼光、崇尚奉献的大国自信。,1
司马光苦熬十九春秋编得《变治逼鉴》，司马迁忍辱负重撰写《史记》，曹雪芹呕心沥血写就《红楼梦》，蒲松龄发愤图强著得《聊斋志异》，,B
青年，是未来国家建设的主力军，是社会主义的接班人，是国家繁荣兴盛的最直接因素，,1
一个人如果不讲礼貌礼仪，就无法在社会上立身处世；一个社会如果没有规矩，就无法维持稳定，平稳运行；一个国家如果没有规矩，就无法提高民族素质，弘扬民族文化精神，屹立于世界民族之林。,1
社会转型加剧让青年人出现困感；自然定害让灾区人民心理豪上阴影；一成不变的生活让正常人感到焦虑。,1
苏轼仕途坎坷而壮心不已，蒲松龄面对落第却发奋创作，曹雪芹处境艰难仍不辍笔耕，安徒生屡遭失业而自强不息，奥斯特洛夫斯基身残志坚却潜心著作,B
学礼可以净化人的心灵，可以擦亮国人“礼仪名片”，可以提升国人素质。,1
例如苏轼仕途坎坷而壮心不已，蒲松龄面对落第而发奋创作，安徒生屡遭失业而自强不息……,B
有“礼”，传统文化才点经久不衰，有“礼”民族精神才会生生不息。有“礼”中华民族才会走向伟大复兴。,1
他们都是在逆境中前行，在挫折中奋斗，在缺陷中收获幸福。,1
司马迁忍辱十八载撰写《史记》，司马光苦熬十九春秋编景《资治通鉴》，曹雪芹十载寒窗写就《红楼梦》。,B
失望者有之，迷茫者有之，甚至抑郁者也有之……,B
苏轼仕途坎坷而壮心不已，蒲松龄面对落穿却愤发创作，曹雪芹处境艰难仍不辍笔耕。,B
错过了一段爱情，失去了一段友情，离开了一段亲情……,1
就像蒲松龄面对落第却发愤创作，就像曹雪芹处境艰难仍不辍笔耕，就像安徒生屡遭失业而自强不息,B
有人认为幸福是事业的成功，有人认为幸福是家庭和谐，有人认为幸福是为社会作出贡献，,1
正因为有像它们这样的气候屏障，才得以使附近历代居民风调雨顺；正因为有它们提供的水颜滋养，才有了历国历代的绝代风华；正因为有它们的终年庇护，才造就了现代中国的繁华景象。,1
人的命脉在田，田的命脉在水，水的命脉在山，山的命脉在土，土的命脉在树,0
我们有什么理由不珍惜她、尊重她、保护她、传播她？,1
让我们一起学习中华文化，践行中华文化，传播中华文化。,1
当我们为制造业突出年产量大关而喝彩时；当我们的消费水平不断提升而感到幸福时；当我们一来伸手，肆无忌惮的享受大自然给予的食材时。,1
"我们要在国内推广本国的文化，让我国人民多了解我国的传统文化;我们也要加强新的文化书籍的传播，以起到潜移默化的作用；同时，我们更要抵抗外国文化对我国文化的“侵蚀""。",1
"如《平凡的世界》的畅销，影响了一代人对那个年代的思考;如《家》的畅销让大家明白家族的作用以及那个年代人们生活的快乐与艰苦;如《红楼梦》的流传,更是让我们对之前历史有了更深刻的认知。",1
只有生态环境良好，人民才会富足，社会才会前进，国家才会强大。,1
人民有信仰，国家有力量，民族有希望,1
正因为有秦岭的气候屏障，才有了八百里秦川的风调雨顺；正因为有秦岭的水颜滋养，才有了周、秦、汉、唐的绝代风华；正因为有秦岭的终年庇护，才造就了盛世长安的繁华景象。,1
走马镇民间故事传人吴文，一张嘴说尽世间百态；师父魏显德掌握巴蜀1500多个故事；钻研彩塑三十年的鲁勤学改写了自古敦煌不成陶的历史；以毛胜利为代表的宣纸工让古纸重现于世。,1
我们要以壮士断腕的狠劲，猛药去疴的勇气，背水一战的决心，,1
我们祖国的天空会更蓝，山会更绿，水会更清，空气会更清新，村庄会更美，河山会更磅礴，国家会更繁荣富强。,1
人人可为，人人必为，人人受益,1
中华文化是中华民族5000年流传下来的瑰宝，是中华儿女相互联系的血脉，是国家的民族之魂,1
从经史子集到典章文物，从幽深小巷的寸砖片瓦，到深V古墓的吉光片羽，从洞天福地的名胜古迹，到烟雨寺庙的悠远钟声,1
环境就是民生，青山就是美丽，蓝天也是幸福,1
民族文化是一一个民族的灵魂，是一个民族的传承，是民族进步的阶梯，是一一个民族的脊梁。,1
让青山绿水成为我们城市的名片，让青山绿水变成我们的金山银湖，让城市在青山绿水环绕下更美，让居民忘得见山记得住水。,1
天更蓝了，山更绿了，水更清了,1
你可曾目睹过壶口瀑布的波澜壮阔吗？你可曾领略过华山的雄奇险峻吗？你曾欣赏过西湖的淡妆浓抹,1
提到日本，我们会想到富士山；提到印尼，我们会想到巴厘岛；提到希腊，我们会想到爱琴海。,1
天更蓝了，水更绿了，山更青了，,1
黄河养鱼着华夏儿女，湄南河养育着秦国人民，密西西比河养育着美国人民。,1
有秦岭的气候屏障，才有了八百里秦川的风调雨顺，有秦岭的水源滋养，才有了周，素，汉，唐的绝代风华；有秦岭的终年庇护，才造就了盛世长安的繁华景象。,1
让天更蓝，山更绿，水更清，空气更清新，村庄更美丽，,1
传统文化是中华文化、思想的载体，是灵魂的延续,1
历史源远流长。文化博大精深,B
沉淀下河床，滋养出沃野，哺育出勃勃生机。,B
“日月之行，若出其中。星汉灿烂，若出其里。”,0
取其精华，去其糟粕，求同存异，兼收并蓄。,0
只有有了良好的生态资源，才可能有960万平方公里的风调雨顺；只有有了良好的生态资源，才可能有中华民族的绝世风华；只有有了良好的生态资源，才可能有社会主义中国的繁华景象。,1
只有这样，人们才能够真正体会到保护生态环境的迫切性;只有这样。人们才不敢为了满足自己的虚荣心与口腹之欲而肆意猎杀、砍伐稀有动、植物;只有这样，地球上的其他物种才有平等生存的权利,1
一根茁壮成长的大树，不仅要有高耸入云的枝干，也要有茂盛繁密的根系；一个日益强大的国家，不仅要有高端的科学技术，也要有根深千尺的文化厚度。,0
包容并蓄，去其糟粕，取其精华,0
从农村书屋到社区文化工作站，完善基层文化基础设施；从电影放映到创办宣传栏，创新基层文化宣传方式；从文化设施无人看管到健全管理制度，提升基层文化服务水平.,1
从宫商角徵羽的动听韵律，到京评豫越梅的绝美唱腔，从唐诗宋词的各领风骚，当各派书法博采众长，从诸子百家的哲学睿思，到定官钧汝的精工细作，中华民族文化从历史的深处走来，在新的时代融入了新的社会主义文化要素，共同构成炎黄子孙的精神脊梁。,1
"走马镇民间故事传人吴文,一张嘴说尽世间百态；师父魏显德掌握巴蜀1500多个故事；以毛胜利为代表的宣纸工让“薄如蝉翼洁如雪”的古纸重现于世；钻研彩塑三十年的鲁勤学改写了自古敦煌不成陶的历史……",1
西汉时期的张骞出使西域，唐朝时期的玄奘西行，明朝时期的郑和下西洋。,1
源头活水，有支流汇入。沉淀下河床，滋养出沃野，哺育出勃勃生机。,0
其水有源，其流有势，其去有向。,1
无源之水，无木之本，,B
文化，可喻之为海。万川涌入，涓流汇集。因其包容而成其大，用其丰富而成其广。,0
“日月之行，若出其中。星汉灿烂，若出其里。”,B
取其精华，去其糟粕，求同存异，兼收并蓄。,B
"壁立万仞，挺拔巍峨。把握文化，需把握其高山之外，其仰止所在,才能在高山厚土间树立文化的坐标。",0
正因为有了秦岭的气候屏障，才有了八百里秦川的风调雨顺；正因为有秦岭的水颜滋养，才有了周、秦、汉、唐的绝代风华；正因为有秦岭的终年庇护，才造就了盛世长安的繁华景象。,B
生态环境是发展之基，是民生之福，是复兴之愿，是每一位中华儿女的底钱,1
若无生态文明的支撑，经济将无法持续发展；若无生态文明的建设，经济发展得不到能量补给；若无生态文明的恩赐，将无法建设人与自然和谐共生的现代化。,1
生态美景，于个人而言，是实现美好生活的基本要素，是最普惠的民生福祉；于社会而言，是生产发展的基本条件，是最巨大的资源宝库：于民族国家而言，是永续发展的重要保障，是最伟大的资产财富。,1
和平共处、相互往来、互利共赢,0
需要我们有耐心立法，有信心施策，有决心问责。,1
正是因为共享的出现，推动了教育资源配置的发展，使得城乡之间的教育不断缩小差距，促进了教育的公平。正是因为共享的发展，才能推动基础设施的不断完善，正是因为共享的发展，才能为解决三农问题提供新思路，正是因为共享的发展，才能为保护环境带来新灵感。,1
于经济而言，生态文明可以带动旅游业，服务业等相关产业的发展，助力打造中国生态旅游文明新形象；于文化而言，各地的生态文明背后承载的是中华儿女生生不息的斗志和奋斗不息的信仰，它们是中国的名片，是中国屹立于世界民族之林的强有力支撑。于生态而言，保护绿水青山，就是在保护我们自己，,1
人类生存离不开生态环境，社会发展离不开生态环境，国家富强更离不开生态环境。,1
它推动着民生发展更加协调；引领着可持续发展更加深入；带动着“一带一路”发展更加繁荣,1
共商合作大计，共建合作发展平台，共享合作发展成果,1
共享单车在全国各大城市上线，解决人们出行最后一公里问题；共享租车模式备受青睐，提高资源配置效率；共享住房带来惊喜，互利共赢，解决生活烦恼。,1
共享单车激活人们需求，方便人们出行；网约车改变传统就业模式，带来就业新形态；在线短租平台调动闲置资源，促进消费结构升级……,1
以“知乎”等为代表的知识分享型经济、“滴滴、摩拜”等为代表的共享租车经济、“爱彼迎”等为代表的民宿共享经济，“闲鱼”等为代表的闲置物品分享，“工业云”等为代表的制造业共享发展模式，,1
君不见，教育方面，共享教有贤源加快提升整体教育品质，远程教育平台比比皆是;君不见，医疗方面，整合医疗保检制度让城市乡镇共同享有相同的医疗服务;君不见，在文化方面，社会购买、社会资金丰富了老百姓的文化生活。,1
从中国经济发展的“共享模式”方兴未艾到中国经济“新发展”的大放异彩。从，政府公共服务的“均衡共享”到政府服务能力的和形象的大发展。从中国国际战略的共享共建到中国崛起的大发展。,1
在教育领域实现均衡化，在医疗服务领域实行城乡一体化，在公共文化领域，加大政府投入。,1
铁器与农具驱散了野蛮的荒芜与奴隶式的生存空间，将经济发展的脚步向农耕经济推进了一步；蒸汽与电力无情的摧毁了地主庄园的篱笆与腐朽，将人类发展的脚步引入技术化的领域；在技术前行的道路上，互联网用“0”和“1”织就了一个庞大的“数字化世界”，无情的将“私有”、“保守”的大资本和垄断思想进行了艺术化的分解！,1
面对虚假消息，我们要澄清事实；面对低俗信息，我们要进行批判；面对违法信息，我们要积极举报。,1
让我们的生活变得更加美好、方便，为我们的生活增添了一点色彩；让我们的资源配置的更好，使得广大老百姓可以共享改革发展成果；让我们祖国的明天更加美好，我们的国力更加强大，国际话语权更重。,1
以创新之力，撬动结构调整和转型升级；以协调发展解决发展不平衡问题，实现经济结构优化，各区域共同发展；以开放发展解决内外联动问题，中国全球影响力日益加强；以共享发展解决社会公平问题，在共建共享中增强群众获得感。,1
通过实行教育资源共享，创新资源分配方式，缩小了城乡教育之间的差距；通过整合医疗卫生资源，统一城乡医保报销标准，进一步推进了城乡医疗服务均等化；通过实现文化资源共享，极大丰富了群众的精神文化生活，增加了老百姓的文化幸福指数。,1
诗是谈吐的训练，书是文笔的锤炼，礼是举止的修炼，乐是性情的冶炼。,1
一副中国发展的崭新蓝图，承载起对共享的满腔热血；一声响亮的号角，吹响了共享的希望；一阵共享的春风，吹散了独占独用的雾霾；,1
只有共享与发展相得益彰，我国经济才能勇往直前的发展；只有共享与发展共同促进，才能使得我国的供给侧改革开放得到更好的效果；只有共享与发展不离不弃，老百姓的生活才能更幸福。,1
正确引导和运用正能量，有利于营造正确的三观和舆论导向，有利于发挥人民群众的主体地位，有利于在修复网络生态，建设网络文明中发挥重要作用。,1
相关职能部门要加强管理和监督，做好“压舱石”,B
为幼有所育、学有所教、病有所医、老有所养、住有所居、弱有所扶等提供了坚实的制度支撑。,1
正能量，是道德，是人类文明优秀成果，是无畏无惧自强不息的精神力量，是女排精神，是中国传统优秀文化，也是，把国家利益民族利益和个人利益，紧紧联系在一起，中华民族伟大复兴中国梦，,1
以理性的态度做好网络生态环境建设的践行者，以持之以恒的毅力始终维护网络环境生态，以时不我待的紧迫感打好网络生态保护的攻坚战。,1
训练出杰著的谈吐，锤炼出刚正的文笔，修炼出闲适的性情,1
指明发展价值取向，把握科学发展规律，顺应时代发展潮流,1
发展为了人民，发展依靠人民，发展由人民共享。,1
我们应该在日常提倡尊孔读经，尊重圣人，尊重文化，尊重良心，尊重道德，,1
合理配置教育资源，共享优质办学设施、优秀教育资源，有利于城乡教育的发展。合理配置医疗资源，推进城乡医疗均等化，统一城乡医疗保障标准，有利于实现全民健康，从而实现全面小康。合理配置公共文化资源，建设公共文化服务体系，有利于丰富人民群众的生活文化。,1
病有所医，老有所养，学有所教,1
共享是理念，是手段，是载体，,1
我们必须营造一个良好的网络环境；我们必须净化网络空间，建设网络文明;我们必须对网络正能量发出振耳欲聋的呼唤。,1
终于帝王，刘邦亭长，刘备织席，何进屠夫，范蠡学子，卫青骑奴终成传说，,1
尊重圣人，尊重文化，尊重良心，尊重道德，,1
农业强不强，农村美不美，农民富不富，决定着全面建设小康社会的成色,1
但基层就像参天大树的厚实根脉，根深方可枝繁叶茂花满天；就像是人生剧目的原初舞台用心演绎方可成就精彩，就像是播种在田间的太阳花，用心浇水施肥终会成长葵花籽…,1
下得去，留得住，干得好，流得动,0
诗是淡吐的训练，书是文笔的锤练，礼是举止的修练，乐是性情的冶炼，,1
我们要常思发展之策，坚持干事创业；常怀学习之心，坚持修身求知；常存律己之念，坚持据腐防变。,1
在工作中我们要做到听民生、解民怨；谋民利、纾民困；查民情，暖民心。,1
基层是参天大树的厚实根脉，根深方可枝繁叶茂花满天；基层是人生剧目的舞台，用心演绎方可成就精彩；基层是向下锻炼的黄金地，向上攀登的稳天梯。,1
从扎根基层的各行各业专业技术人才到自主创业的青年梦想家；从前往基层就业工作的大专院校毕业生到前往基层党政部门挂职任职的公务员；从返乡创业的农民工到返乡创业的新乡贤新农人,1
基层工作的艰苦，能够磨练人的意志;基层工作的复杂，可以增强人的为人处世能力;基层工作的清贫，则有利于培育人的奉献精神。,1
众筹是改变传统创业模式，使得创业公司、中小企业更容易发展； 众筹是利用股权，促进内部合作，给创新创业带来巨大能量;众筹还是聚集众多发源， 解决创业生存何题，让人们主动创新。,1
重教化轻法治，重劝导轻惩戒，用人治代替法治，,0
"有人以讥讽的口气调侃我国行人过马路为“中国式过马路”,有人戏言中国的上下路口如同一个大的停车场,有人嘲讽中国的驾驶员像野蛮时代的掠食行为",1
当有人自私地只考虑自己方便，喜欢占用应急通道就不奇怪了;当有人易怒崇尚暴力时，相互间对峙、追逼甚至打架等“路怒”就可以解释了;当有人将汽车与面子等同起来，不配合执法就不难理解了,1
汽车文明是城市文明的照明灯，是人类文明进步的阶梯，是社会文明的推进器。,1
我们只有坚持创新，人民生活水平才能得到提高；我们只有坚持创新，社会才能综合快速发展;我们只有坚持创新，我们强大的国家才能更加繁荣昌盛。,1
当有人自私地只考虑自己方便，喜欢占用应急通道就不奇怪了；当有人易怒崇尚暴力时，相互间对峙、追逼甚至打架等“路怒”就可以解释了；当有人将汽车与面子等同起来，不配合执法就不难理解了,B
众筹是一盏明灯，点亮了迷茫的创业者前进的道路：众筹是一根麻绳，将众人的力量紧密地捆绑在一起；众筹是一缕阳光，将温暖的希望无私照射在每个人的身上。,1
这种模式会倒逼众筹的企业用更集约、更省钱、更高效、更智慧的方式，,1
多一份理解，少一份抱怨；多一份等待，少一份争抢；多一份礼让，少一份路怒,1
从小尹ktvapp一起唱到乔峤的智能耳机，从1891咖啡馆到比逗咖啡馆，从阿里巴巴到京东。,1
以梦想为驱动器，众筹为助推器，法律为护航器，,1
以烹饪代替菇毛饮血，是社会文明；以轻薄纸张代替厚重竹简，是社会文明；以科学理论代替愚味无知，是社会文明。,1
汽车文明是社会文明进步的“守夜人’，汽车文明是社会文明发展的“燃灯者，汽车文明是提升社会的进程的“排头兵’。,1
其事关民族之复兴，国家之兴盛，社会之繁荣。,1
它似一盏灯，照亮了年轻人的梦想，照亮了企业和国家前进的道路，它也似一支助推剂，推动了社会的变革及创新创业的发展，它更似一台天平，均衡了社会资源，让无数弱势群体看到了希望，促进了社会公平正义。,1
还需要有韧劲儿，有拼搏的精神，有坚持的毅力，,1
有担当意识，有社会情怀，有悲悯之心，,1
文明礼让是一种修养，是一种美德，是一种传承，是一种境界。,1
它聚集资源，优化资源配置，为创业提供平台；它满足创业条件，解决后顾之忧，为创新提供机会；它促进社会公平正义，关注弱势群体，为社会创造财富。,1
更意味着资源最大化，创新最大化，梦想最大化。,1
